37.626537 , -122.427224 , 52.412046 
37.626532 , -122.427512 , 11.065696 
37.626639 , -122.427391 , 11.730228 
37.626686 , -122.427463 , 7.193880 
37.627086 , -122.427350 , 22.310055 
37.626918 , -122.427386 , 17.396905 
37.626768 , -122.427400 , 17.019339 
37.626786 , -122.427436 , 20.236056 
37.626702 , -122.427417 , 9.025827 
37.626883 , -122.427338 , 25.256180 
37.626697 , -122.427467 , 4.125263 
37.626962 , -122.427409 , 17.990381 
37.626850 , -122.427355 , 2.692678 
37.626735 , -122.427419 , 15.019767 
37.626992 , -122.427367 , 39.252375 
37.626939 , -122.427363 , 25.457015 
37.626840 , -122.427383 , 11.633457 
37.626701 , -122.427418 , 3.230762 
37.626844 , -122.427529 , 7.929459 
37.626670 , -122.427415 , 2.851248 
37.626834 , -122.427358 , 24.176143 
37.626955 , -122.427310 , 28.979312 
37.626753 , -122.427389 , -1.363043 
37.626769 , -122.427384 , 9.519685 
37.626841 , -122.427440 , 8.697146 
37.626784 , -122.427333 , 16.335369 
37.626804 , -122.427420 , 10.521751 
37.626781 , -122.427453 , -0.501658 
37.626832 , -122.427425 , 17.083703 
37.626864 , -122.427413 , 23.195802 
37.626833 , -122.427416 , 23.833285 
37.626786 , -122.427385 , 16.407302 
37.626805 , -122.427427 , 26.748081 
37.626788 , -122.427418 , 28.022286 
37.626816 , -122.427413 , 23.168510 
37.626811 , -122.427430 , 20.542786 
37.626849 , -122.427378 , 23.799651 
37.626861 , -122.427409 , 13.292957 
37.626874 , -122.427459 , 15.175112 
37.626868 , -122.427398 , 24.921253 
37.626871 , -122.427351 , 21.986043 
37.626871 , -122.427373 , 18.454792 
37.626831 , -122.427400 , 23.235892 
37.626785 , -122.427404 , 21.715083 
37.626877 , -122.427373 , 12.443829 
37.626845 , -122.427408 , 11.545836 
37.626798 , -122.427398 , 16.795955 
37.626854 , -122.427378 , 23.248256 
37.626804 , -122.427395 , 22.051571 
37.626806 , -122.427360 , 23.656910 
37.626863 , -122.427430 , 10.359759 
37.626830 , -122.427421 , 17.492382 
37.626845 , -122.427439 , 8.347198 
37.626862 , -122.427349 , 26.856820 
37.626860 , -122.427369 , 28.937507 
37.626854 , -122.427380 , 17.273027 
37.626846 , -122.427418 , 12.984808 
37.626912 , -122.427348 , 18.730959 
37.626838 , -122.427392 , 10.206951 
37.626891 , -122.427369 , 17.233331 
37.626846 , -122.427375 , 23.594775 
37.626862 , -122.427405 , 28.118164 
37.626881 , -122.427387 , 10.713624 
37.626838 , -122.427364 , 24.906786 
37.626865 , -122.427336 , 22.281886 
37.626813 , -122.427406 , 22.488786 
37.626815 , -122.427406 , 16.890421 
37.626796 , -122.427394 , 25.512461 
37.626843 , -122.427411 , 18.416595 
37.626819 , -122.427428 , 25.106661 
37.626795 , -122.427418 , 24.593954 
37.626816 , -122.427409 , 16.640299 
37.626820 , -122.427426 , 21.157325 
37.626835 , -122.427374 , 17.661290 
37.626820 , -122.427379 , 18.887248 
37.626867 , -122.427394 , 21.744075 
37.626937 , -122.427379 , 19.670913 
37.626848 , -122.427430 , 18.487918 
37.626831 , -122.427412 , 13.868210 
37.626817 , -122.427370 , 10.257621 
37.626818 , -122.427343 , 22.625272 
37.626860 , -122.427338 , 17.763888 
37.626834 , -122.427393 , 17.762863 
37.626833 , -122.427400 , 15.374416 
37.626866 , -122.427421 , 18.447226 
37.626864 , -122.427397 , 16.856184 
37.626832 , -122.427368 , 18.207241 
37.626847 , -122.427407 , 24.246316 
37.626816 , -122.427352 , 19.907013 
37.626813 , -122.427392 , 16.573006 
37.626796 , -122.427422 , 21.478202 
37.626717 , -122.427426 , 12.097237 
37.626798 , -122.427373 , 19.377243 
37.626806 , -122.427423 , 11.599438 
37.626821 , -122.427405 , 19.434397 
37.626821 , -122.427397 , 29.749660 
37.626803 , -122.427448 , 20.241592 
37.626831 , -122.427425 , 19.954806 
37.626842 , -122.427382 , 28.393065 
37.626865 , -122.427395 , 19.602858 
37.626779 , -122.427368 , 11.628121 
37.626853 , -122.427341 , 24.103476 
37.626816 , -122.427313 , 21.042270 
37.626852 , -122.427337 , 13.741550 
37.626820 , -122.427383 , 16.771577 
37.626820 , -122.427388 , 16.330987 
37.626812 , -122.427350 , 16.403141 
37.626829 , -122.427361 , 9.980955 
37.626848 , -122.427368 , 11.821434 
37.626783 , -122.427383 , 11.408733 
37.626809 , -122.427325 , 20.918931 
37.626785 , -122.427414 , 14.056647 
37.626705 , -122.427412 , 13.622736 
37.626782 , -122.427373 , 12.194853 
37.626777 , -122.427401 , 15.010833 
37.626775 , -122.427344 , 13.633498 
37.626819 , -122.427337 , 11.798912 
37.626786 , -122.427405 , 13.295575 
37.626783 , -122.427383 , 19.360384 
37.626687 , -122.427451 , 3.230181 
37.626725 , -122.427419 , 17.624114 
37.626678 , -122.427413 , 6.270861 
37.626769 , -122.427404 , 13.716785 
37.626841 , -122.427379 , 20.797878 
37.626803 , -122.427406 , 13.844525 
37.626752 , -122.427434 , 12.880911 
37.626783 , -122.427339 , 27.635689 
37.626805 , -122.427368 , 26.333235 
37.626802 , -122.427390 , 20.989245 
37.626817 , -122.427398 , 23.575841 
37.626795 , -122.427364 , 12.044673 
37.626835 , -122.427371 , 27.716232 
37.626831 , -122.427390 , 21.567829 
37.626799 , -122.427391 , 19.807502 
37.626865 , -122.427414 , 16.543489 
37.626830 , -122.427368 , 27.063143 
37.626771 , -122.427342 , 18.940688 
37.626794 , -122.427385 , 7.545696 
37.626769 , -122.427380 , 11.672159 
37.626817 , -122.427371 , 16.947436 
37.626812 , -122.427372 , 24.878653 
37.626805 , -122.427417 , 15.556477 
37.626778 , -122.427394 , 9.111642 
37.626733 , -122.427454 , 8.508519 
37.626779 , -122.427455 , 11.598047 
37.626704 , -122.427470 , 14.227776 
37.626708 , -122.427439 , 14.442606 
37.626761 , -122.427348 , 15.884143 
37.626755 , -122.427373 , 20.556351 
37.626826 , -122.427378 , 22.332183 
37.626837 , -122.427382 , 32.229512 
37.626822 , -122.427380 , 32.305568 
37.626755 , -122.427365 , 13.846283 
37.626895 , -122.427401 , 27.538436 
37.626800 , -122.427386 , 14.838329 
37.626720 , -122.427341 , 1.001247 
37.626777 , -122.427377 , 13.346183 
37.626919 , -122.427356 , 15.915573 
37.626809 , -122.427339 , 3.665706 
37.626838 , -122.427293 , 12.281630 
37.626754 , -122.427355 , 9.099446 
37.626828 , -122.427337 , 5.746734 
37.626803 , -122.427303 , 6.522849 
37.626810 , -122.427285 , 0.234301 
37.626827 , -122.427308 , 5.208268 
37.626822 , -122.427355 , 13.567487 
37.626832 , -122.427326 , 4.512471 
37.626856 , -122.427323 , 13.643694 
37.626720 , -122.427330 , 3.081057 
37.626763 , -122.427329 , 11.933485 
37.626852 , -122.427312 , 18.970219 
37.626834 , -122.427327 , 21.610994 
37.626782 , -122.427348 , 12.515627 
37.626841 , -122.427371 , 20.060669 
37.626817 , -122.427383 , 15.590557 
37.626835 , -122.427418 , 19.907503 
37.626813 , -122.427417 , 18.072025 
37.626732 , -122.427419 , -2.274248 
37.626780 , -122.427423 , 7.683254 
37.626714 , -122.427431 , -1.352566 
37.626801 , -122.427390 , 5.281190 
37.626713 , -122.427405 , 8.761948 
37.626784 , -122.427366 , 8.341090 
37.626822 , -122.427412 , 9.424945 
37.626766 , -122.427327 , 4.559962 
37.626823 , -122.427315 , 19.231806 
37.626829 , -122.427294 , 11.391525 
37.626843 , -122.427226 , 9.993023 
37.626906 , -122.427149 , 4.365579 
37.626909 , -122.427056 , 4.672698 
37.626980 , -122.426951 , 8.060500 
37.627014 , -122.426873 , 2.831971 
37.627023 , -122.426775 , 9.892574 
37.627066 , -122.426641 , 6.195227 
37.627121 , -122.426574 , 5.323639 
37.627129 , -122.426461 , 7.618736 
37.627215 , -122.426376 , 5.401236 
37.627249 , -122.426225 , 8.057396 
37.627302 , -122.426134 , 4.937390 
37.627376 , -122.425995 , 0.514003 
37.627408 , -122.425941 , 7.456336 
37.627383 , -122.425848 , 8.968104 
37.627427 , -122.425763 , 6.166858 
37.627424 , -122.425632 , 4.915215 
37.627418 , -122.425508 , 16.315202 
37.627467 , -122.425544 , 1.404947 
37.627463 , -122.425553 , 6.625497 
37.627466 , -122.425471 , 11.391582 
37.627499 , -122.425457 , 0.110539 
37.627500 , -122.425434 , 2.877837 
37.627507 , -122.425407 , 13.514580 
37.627475 , -122.425402 , 12.384536 
37.627456 , -122.425450 , 17.055250 
37.627481 , -122.425437 , 7.189415 
37.627632 , -122.425320 , 1.835891 
37.627499 , -122.425332 , 3.721874 
37.627439 , -122.425311 , 6.550408 
37.627458 , -122.425279 , 7.508355 
37.627434 , -122.425273 , -1.132255 
37.627238 , -122.425089 , 24.045685 
37.627155 , -122.425085 , 37.212500 
37.627185 , -122.424993 , 33.588067 
37.627049 , -122.424968 , 29.118752 
37.626933 , -122.424880 , 17.089604 
37.626861 , -122.424872 , 26.077305 
37.626810 , -122.424739 , 39.327539 
37.626734 , -122.424740 , 19.824896 
37.626668 , -122.424611 , 35.445545 
37.626470 , -122.424594 , 50.348702 
37.626241 , -122.424456 , 59.761979 
37.626246 , -122.424387 , 61.884939 
37.626221 , -122.424519 , 25.670850 
37.626135 , -122.424531 , 10.264737 
37.626129 , -122.424528 , 8.795051 
37.626019 , -122.424555 , 12.859382 
37.626029 , -122.424472 , 8.551287 
37.625978 , -122.424454 , 3.732388 
37.626016 , -122.424513 , -1.421959 
37.626002 , -122.424446 , 6.316266 
37.626012 , -122.424512 , 1.427514 
37.625966 , -122.424472 , 14.284042 
37.625969 , -122.424498 , 1.712751 
37.625959 , -122.424514 , 9.698879 
37.625925 , -122.424523 , 4.639638 
37.625937 , -122.424564 , 6.837946 
37.625892 , -122.424654 , 8.461468 
37.625885 , -122.424683 , 2.817149 
37.625862 , -122.424761 , 12.022046 
37.625784 , -122.424835 , 3.783819 
37.625727 , -122.424987 , 12.117294 
37.625688 , -122.425075 , 12.974466 
37.625619 , -122.425190 , 18.560202 
37.625605 , -122.425283 , 8.763617 
37.625528 , -122.425450 , 13.457674 
37.625525 , -122.425630 , 7.971815 
37.625399 , -122.425703 , 17.353109 
37.625426 , -122.425925 , 20.756199 
37.625401 , -122.426064 , 23.296341 
37.625356 , -122.426287 , 22.762467 
37.625397 , -122.426531 , 6.582612 
37.625292 , -122.426626 , 18.139663 
37.625341 , -122.426876 , 9.122583 
37.625236 , -122.426976 , 18.575940 
37.625184 , -122.427191 , 28.299817 
37.625128 , -122.427343 , 29.166538 
37.625075 , -122.427465 , 25.208880 
37.625058 , -122.427608 , 25.324808 
37.625028 , -122.427748 , 26.302675 
37.624921 , -122.427890 , 31.224011 
37.624882 , -122.428049 , 22.670228 
37.624818 , -122.428198 , 28.228749 
37.624749 , -122.428236 , 30.482348 
37.624569 , -122.428370 , 16.684218 
37.624520 , -122.428464 , 30.396577 
37.624260 , -122.428186 , 95.756219 
37.624409 , -122.428543 , 76.761113 
37.624262 , -122.428832 , 9.299521 
37.624215 , -122.429156 , 60.640516 
37.624288 , -122.428810 , 31.832887 
37.624194 , -122.428813 , 25.803568 
37.624152 , -122.428825 , 31.236763 
37.624071 , -122.428811 , 32.116637 
37.623966 , -122.428792 , 39.929487 
37.623864 , -122.428767 , 32.533627 
37.623820 , -122.428646 , 29.373569 
37.623704 , -122.428580 , 31.323445 
37.623643 , -122.428497 , 30.546934 
37.623577 , -122.428441 , 20.704286 
37.623362 , -122.428319 , 33.396839 
37.623242 , -122.428217 , 20.076280 
37.623112 , -122.428128 , 36.799463 
37.622926 , -122.427975 , 39.248619 
37.622739 , -122.427765 , 28.168769 
37.622649 , -122.427717 , 38.644844 
37.622438 , -122.427550 , 41.090822 
37.622276 , -122.427446 , 40.851220 
37.622042 , -122.427314 , 40.010496 
37.621931 , -122.427194 , 34.178986 
37.621705 , -122.427035 , 33.429442 
37.621557 , -122.426951 , 29.343161 
37.621299 , -122.426768 , 32.823456 
37.621045 , -122.426561 , 34.388749 
37.620895 , -122.426471 , 38.238189 
37.620672 , -122.426269 , 36.846082 
37.620447 , -122.426136 , 33.362746 
37.620140 , -122.425992 , 40.749587 
37.619974 , -122.425834 , 26.096061 
37.619737 , -122.425731 , 35.265490 
37.619565 , -122.425568 , 29.732626 
37.619315 , -122.425364 , 27.122937 
37.619119 , -122.425281 , 29.648370 
37.618918 , -122.425140 , 24.182321 
37.618638 , -122.424988 , 32.637453 
37.618469 , -122.424894 , 34.106913 
37.618202 , -122.424750 , 41.489736 
37.617957 , -122.424692 , 35.457297 
37.617725 , -122.424643 , 28.040248 
37.617492 , -122.424537 , 34.601979 
37.617272 , -122.424480 , 46.564246 
37.617042 , -122.424435 , 45.828742 
37.616795 , -122.424381 , 46.260599 
37.616577 , -122.424375 , 48.156575 
37.616367 , -122.424380 , 46.260017 
37.616091 , -122.424378 , 47.488868 
37.615865 , -122.424403 , 52.639575 
37.615641 , -122.424431 , 44.557950 
37.615407 , -122.424440 , 52.539392 
37.615170 , -122.424513 , 44.065388 
37.614969 , -122.424630 , 49.404315 
37.614726 , -122.424661 , 37.940673 
37.614478 , -122.424737 , 57.042946 
37.614265 , -122.424817 , 58.585064 
37.613993 , -122.424904 , 62.910911 
37.613833 , -122.425010 , 54.947422 
37.613619 , -122.425189 , 44.103375 
37.613370 , -122.425298 , 55.602542 
37.613212 , -122.425478 , 49.230977 
37.612949 , -122.425573 , 60.847006 
37.612709 , -122.425734 , 65.912541 
37.612561 , -122.425911 , 57.004331 
37.612324 , -122.426053 , 62.138934 
37.612088 , -122.426209 , 66.976972 
37.611913 , -122.426324 , 64.110735 
37.611705 , -122.426507 , 65.209249 
37.611462 , -122.426630 , 66.683257 
37.611260 , -122.426814 , 65.297857 
37.611046 , -122.426897 , 67.761952 
37.610871 , -122.427073 , 59.107970 
37.610582 , -122.427109 , 76.229427 
37.610347 , -122.427284 , 70.312044 
37.610093 , -122.427358 , 76.359458 
37.609854 , -122.427560 , 74.545879 
37.609613 , -122.427599 , 80.555180 
37.609389 , -122.427753 , 74.638341 
37.609155 , -122.427844 , 70.497563 
37.608813 , -122.427858 , 82.805637 
37.608621 , -122.427979 , 78.515566 
37.608327 , -122.428078 , 87.867711 
37.608086 , -122.428111 , 83.941373 
37.607876 , -122.428213 , 75.126446 
37.607583 , -122.428194 , 92.789536 
37.607341 , -122.428291 , 80.047080 
37.607012 , -122.428321 , 87.662546 
37.606760 , -122.428294 , 91.349436 
37.606471 , -122.428331 , 91.555084 
37.606221 , -122.428370 , 91.753297 
37.605919 , -122.428338 , 95.523605 
37.605684 , -122.428297 , 90.056662 
37.605393 , -122.428283 , 92.113943 
37.605102 , -122.428228 , 93.641959 
37.604803 , -122.428137 , 99.959377 
37.604530 , -122.428050 , 106.854174 
37.604311 , -122.427978 , 94.169104 
37.603990 , -122.427842 , 100.354908 
37.603748 , -122.427710 , 97.851174 
37.603472 , -122.427608 , 105.811577 
37.603250 , -122.427530 , 96.707036 
37.602938 , -122.427326 , 111.899858 
37.602720 , -122.427188 , 99.334418 
37.602529 , -122.427030 , 112.365033 
37.602245 , -122.426843 , 102.681487 
37.602015 , -122.426604 , 107.330201 
37.601744 , -122.426373 , 111.962704 
37.601523 , -122.426164 , 109.926063 
37.601296 , -122.425890 , 113.558502 
37.601112 , -122.425660 , 116.653487 
37.600868 , -122.425396 , 114.187194 
37.600707 , -122.425160 , 116.782867 
37.600469 , -122.424908 , 115.378502 
37.600296 , -122.424641 , 108.010050 
37.600048 , -122.424347 , 120.108391 
37.599890 , -122.424111 , 117.551043 
37.599625 , -122.423842 , 118.262222 
37.599470 , -122.423616 , 111.720402 
37.599224 , -122.423325 , 118.880504 
37.599004 , -122.423060 , 121.143917 
37.598784 , -122.422778 , 119.011721 
37.598543 , -122.422530 , 114.889952 
37.598309 , -122.422253 , 116.671555 
37.598128 , -122.421946 , 125.307465 
37.597907 , -122.421673 , 116.158670 
37.597692 , -122.421400 , 115.338903 
37.597421 , -122.421133 , 117.808759 
37.597190 , -122.420857 , 115.536639 
37.596992 , -122.420589 , 126.121869 
37.596772 , -122.420334 , 120.576347 
37.596540 , -122.420055 , 115.594547 
37.596264 , -122.419780 , 123.332476 
37.596030 , -122.419530 , 118.503941 
37.595803 , -122.419289 , 114.744269 
37.595589 , -122.419023 , 118.666015 
37.595325 , -122.418735 , 130.904671 
37.595066 , -122.418577 , 109.348982 
37.594814 , -122.418248 , 125.563185 
37.594551 , -122.418068 , 115.103621 
37.594326 , -122.417714 , 118.599806 
37.594043 , -122.417498 , 123.200864 
37.593759 , -122.417314 , 118.627556 
37.593573 , -122.417042 , 127.174351 
37.593295 , -122.416838 , 133.414470 
37.593080 , -122.416557 , 130.274380 
37.592855 , -122.416346 , 130.027476 
37.592570 , -122.416129 , 121.726242 
37.592364 , -122.415861 , 128.698910 
37.592058 , -122.415614 , 135.351044 
37.591909 , -122.415364 , 132.355350 
37.591677 , -122.415209 , 132.958502 
37.591391 , -122.414940 , 129.478985 
37.591209 , -122.414742 , 136.182108 
37.590919 , -122.414501 , 126.148931 
37.590783 , -122.414227 , 142.444011 
37.590592 , -122.414057 , 140.122617 
37.590320 , -122.413807 , 138.009750 
37.589983 , -122.413543 , 145.129550 
37.589812 , -122.413348 , 146.385170 
37.589643 , -122.413199 , 140.486069 
37.589413 , -122.412982 , 138.680698 
37.589163 , -122.412747 , 152.542329 
37.588951 , -122.412535 , 146.360710 
37.588736 , -122.412302 , 146.223060 
37.588512 , -122.412096 , 148.784414 
37.588305 , -122.411881 , 147.480026 
37.588106 , -122.411698 , 154.025328 
37.587845 , -122.411458 , 144.557937 
37.587645 , -122.411206 , 146.415248 
37.587428 , -122.410995 , 151.193197 
37.587176 , -122.410746 , 159.300073 
37.586993 , -122.410557 , 152.007065 
37.586833 , -122.410226 , 155.929683 
37.586623 , -122.409988 , 159.612116 
37.586443 , -122.409699 , 161.166092 
37.586192 , -122.409495 , 158.658750 
37.586011 , -122.409196 , 158.318569 
37.585845 , -122.408946 , 152.882635 
37.585602 , -122.408709 , 156.359493 
37.585451 , -122.408386 , 161.567556 
37.585217 , -122.408143 , 159.970461 
37.585128 , -122.407894 , 161.086879 
37.584839 , -122.407699 , 158.407447 
37.584620 , -122.407405 , 161.392738 
37.584434 , -122.407183 , 155.340441 
37.584197 , -122.406868 , 160.522521 
37.583994 , -122.406683 , 158.201611 
37.583707 , -122.406385 , 165.322763 
37.583484 , -122.406221 , 155.108079 
37.583242 , -122.405975 , 166.109233 
37.582978 , -122.405793 , 162.238762 
37.582700 , -122.405547 , 160.778894 
37.582454 , -122.405341 , 158.279061 
37.582203 , -122.405177 , 159.746247 
37.581855 , -122.404917 , 162.080066 
37.581644 , -122.404737 , 150.134970 
37.581369 , -122.404587 , 157.115140 
37.581046 , -122.404410 , 159.133857 
37.580806 , -122.404274 , 152.683928 
37.580488 , -122.404067 , 160.195009 
37.580216 , -122.403871 , 158.769082 
37.579878 , -122.403729 , 157.528303 
37.579568 , -122.403562 , 165.488506 
37.579300 , -122.403394 , 155.911365 
37.579011 , -122.403256 , 155.489575 
37.578716 , -122.403065 , 153.018185 
37.578414 , -122.402847 , 148.654571 
37.578071 , -122.402678 , 160.887871 
37.577798 , -122.402532 , 153.856183 
37.577472 , -122.402318 , 160.388659 
37.577138 , -122.402181 , 146.496596 
37.576879 , -122.401997 , 139.392217 
37.576545 , -122.401799 , 142.636030 
37.576226 , -122.401618 , 150.010036 
37.575954 , -122.401461 , 133.012994 
37.575609 , -122.401265 , 138.497355 
37.575335 , -122.401123 , 135.465888 
37.574993 , -122.400944 , 137.936564 
37.574675 , -122.400753 , 138.609497 
37.574426 , -122.400569 , 133.328686 
37.574139 , -122.400406 , 131.630328 
37.573829 , -122.400222 , 134.814278 
37.573548 , -122.400056 , 134.104840 
37.573243 , -122.399801 , 133.956753 
37.573042 , -122.399598 , 129.359303 
37.572792 , -122.399379 , 135.181062 
37.572555 , -122.399167 , 124.815562 
37.572314 , -122.398944 , 123.946771 
37.572052 , -122.398738 , 130.208947 
37.571879 , -122.398442 , 117.374831 
37.571653 , -122.398277 , 133.561844 
37.571414 , -122.398057 , 129.531097 
37.571222 , -122.397854 , 134.046803 
37.571000 , -122.397632 , 129.638501 
37.570841 , -122.397433 , 128.613296 
37.570650 , -122.397171 , 133.738364 
37.570460 , -122.397053 , 135.293870 
37.570244 , -122.396875 , 134.688424 
37.570034 , -122.396602 , 133.043950 
37.569811 , -122.396420 , 123.770848 
37.569576 , -122.396177 , 130.041977 
37.569356 , -122.396011 , 127.674071 
37.569170 , -122.395773 , 135.301931 
37.568923 , -122.395569 , 129.688540 
37.568720 , -122.395356 , 136.517911 
37.568522 , -122.395162 , 136.191358 
37.568272 , -122.394922 , 135.109785 
37.568083 , -122.394703 , 130.925188 
37.567924 , -122.394520 , 133.249617 
37.567687 , -122.394243 , 139.756496 
37.567563 , -122.393997 , 135.082684 
37.567387 , -122.393720 , 137.042923 
37.567253 , -122.393444 , 135.803516 
37.567082 , -122.393185 , 143.078543 
37.566952 , -122.392916 , 141.661963 
37.566855 , -122.392613 , 144.796165 
37.566752 , -122.392362 , 146.957800 
37.566619 , -122.392077 , 141.937458 
37.566503 , -122.391770 , 145.127684 
37.566365 , -122.391523 , 162.331113 
37.566313 , -122.391334 , 147.247378 
37.566208 , -122.391045 , 141.628050 
37.566121 , -122.390738 , 143.474239 
37.566042 , -122.390437 , 144.901446 
37.565976 , -122.390181 , 150.864236 
37.565849 , -122.389944 , 140.905711 
37.565754 , -122.389652 , 145.723191 
37.565634 , -122.389413 , 145.750122 
37.565531 , -122.389162 , 149.866754 
37.565420 , -122.388901 , 148.455013 
37.565267 , -122.388655 , 156.319508 
37.565108 , -122.388404 , 144.786930 
37.564990 , -122.388204 , 144.584329 
37.564819 , -122.387994 , 153.165482 
37.564647 , -122.387853 , 149.366845 
37.564457 , -122.387594 , 150.182319 
37.564202 , -122.387414 , 156.115421 
37.564010 , -122.387179 , 162.353822 
37.563894 , -122.387041 , 151.376167 
37.563715 , -122.386808 , 156.088258 
37.563497 , -122.386564 , 165.669703 
37.563358 , -122.386446 , 158.495474 
37.563079 , -122.386251 , 157.596130 
37.562954 , -122.386046 , 154.683772 
37.562774 , -122.385858 , 157.390240 
37.562569 , -122.385649 , 150.318801 
37.562360 , -122.385490 , 151.502643 
37.562145 , -122.385270 , 149.285093 
37.561940 , -122.385052 , 153.895091 
37.561731 , -122.384835 , 150.387609 
37.561546 , -122.384625 , 151.367889 
37.561292 , -122.384451 , 153.933451 
37.561086 , -122.384158 , 161.204391 
37.560902 , -122.383998 , 154.797060 
37.560704 , -122.383798 , 155.353939 
37.560474 , -122.383547 , 148.405122 
37.560250 , -122.383395 , 153.132526 
37.560028 , -122.383162 , 157.937673 
37.559835 , -122.382925 , 162.853893 
37.559601 , -122.382754 , 158.152059 
37.559357 , -122.382556 , 166.521503 
37.559210 , -122.382374 , 162.693631 
37.559010 , -122.382112 , 159.141805 
37.558831 , -122.381923 , 166.300439 
37.558589 , -122.381762 , 162.342563 
37.558431 , -122.381587 , 170.132921 
37.558211 , -122.381474 , 167.494235 
37.557992 , -122.381238 , 171.580310 
37.557794 , -122.381089 , 171.902589 
37.557525 , -122.380973 , 171.847506 
37.557289 , -122.380767 , 179.596654 
37.557012 , -122.380574 , 173.126512 
37.556798 , -122.380452 , 173.597082 
37.556582 , -122.380299 , 174.910397 
37.556315 , -122.380093 , 180.420323 
37.556115 , -122.380031 , 169.313748 
37.555882 , -122.379849 , 172.190941 
37.555661 , -122.379689 , 180.786354 
37.555434 , -122.379502 , 170.862393 
37.555228 , -122.379353 , 158.756209 
37.554932 , -122.379194 , 183.751416 
37.554768 , -122.379108 , 168.698496 
37.554554 , -122.378966 , 168.442104 
37.554294 , -122.378779 , 172.421203 
37.554067 , -122.378617 , 166.072220 
37.553813 , -122.378473 , 171.782626 
37.553623 , -122.378341 , 176.260687 
37.553367 , -122.378208 , 171.869041 
37.553032 , -122.377945 , 161.970773 
37.552942 , -122.377898 , 180.937542 
37.552683 , -122.377740 , 172.926515 
37.552529 , -122.377594 , 180.443362 
37.552286 , -122.377411 , 177.144245 
37.552094 , -122.377200 , 181.468357 
37.551914 , -122.377057 , 185.523418 
37.551705 , -122.376893 , 175.769982 
37.551488 , -122.376704 , 178.861659 
37.551366 , -122.376534 , 179.811540 
37.551156 , -122.376354 , 182.178254 
37.550989 , -122.376193 , 182.790163 
37.550860 , -122.376047 , 180.298870 
37.550653 , -122.375908 , 187.249656 
37.550460 , -122.375756 , 177.397449 
37.550275 , -122.375576 , 184.949915 
37.550160 , -122.375437 , 175.521367 
37.549918 , -122.375268 , 175.310299 
37.549767 , -122.375053 , 170.254315 
37.549541 , -122.374874 , 175.951934 
37.549363 , -122.374689 , 172.664100 
37.549161 , -122.374522 , 174.296800 
37.548974 , -122.374356 , 170.021703 
37.548799 , -122.374160 , 167.489528 
37.548658 , -122.374054 , 165.693437 
37.548481 , -122.373886 , 169.130044 
37.548253 , -122.373671 , 171.735728 
37.548064 , -122.373543 , 162.800239 
37.547933 , -122.373361 , 162.387895 
37.547694 , -122.373189 , 164.039664 
37.547510 , -122.373006 , 163.101828 
37.547378 , -122.372809 , 155.567086 
37.547153 , -122.372655 , 155.405277 
37.546988 , -122.372483 , 164.744874 
37.546775 , -122.372326 , 156.829464 
37.546585 , -122.372184 , 156.163474 
37.546395 , -122.371992 , 157.153673 
37.546283 , -122.371829 , 156.882056 
37.546072 , -122.371653 , 155.597805 
37.545934 , -122.371561 , 153.587475 
37.545764 , -122.371365 , 155.291416 
37.545597 , -122.371168 , 153.050660 
37.545420 , -122.371050 , 157.084586 
37.545238 , -122.370869 , 150.353676 
37.545086 , -122.370728 , 151.723266 
37.544975 , -122.370613 , 146.380508 
37.544779 , -122.370415 , 145.484856 
37.544582 , -122.370297 , 149.652919 
37.544412 , -122.370100 , 150.373985 
37.544255 , -122.369952 , 154.474326 
37.544084 , -122.369809 , 157.560882 
37.543974 , -122.369678 , 153.931243 
37.543748 , -122.369479 , 149.425126 
37.543570 , -122.369343 , 152.768863 
37.543433 , -122.369136 , 145.853966 
37.543255 , -122.368970 , 152.230293 
37.543009 , -122.368831 , 152.816831 
37.542806 , -122.368648 , 142.131037 
37.542663 , -122.368498 , 150.672720 
37.542483 , -122.368307 , 144.809011 
37.542326 , -122.368181 , 142.878574 
37.542056 , -122.367947 , 138.437523 
37.541861 , -122.367770 , 146.704139 
37.541701 , -122.367630 , 140.396235 
37.541430 , -122.367454 , 142.605300 
37.541262 , -122.367332 , 136.816186 
37.541034 , -122.367107 , 137.991108 
37.540829 , -122.366926 , 145.031953 
37.540640 , -122.366801 , 136.118682 
37.540447 , -122.366617 , 132.197725 
37.540193 , -122.366484 , 135.052887 
37.539970 , -122.366374 , 140.627429 
37.539812 , -122.366194 , 128.203876 
37.539555 , -122.366076 , 130.774862 
37.539370 , -122.365939 , 133.550054 
37.539145 , -122.365801 , 136.014931 
37.538995 , -122.365666 , 127.279789 
37.538765 , -122.365551 , 128.291510 
37.538544 , -122.365349 , 135.706410 
37.538318 , -122.365241 , 132.038707 
37.538144 , -122.365072 , 135.920016 
37.537908 , -122.365009 , 135.478212 
37.537724 , -122.364820 , 133.244739 
37.537566 , -122.364742 , 121.190090 
37.537355 , -122.364563 , 115.749663 
37.537154 , -122.364447 , 129.778149 
37.536932 , -122.364298 , 128.914699 
37.536716 , -122.364155 , 128.288902 
37.536519 , -122.364006 , 115.499488 
37.536341 , -122.363884 , 110.225821 
37.536117 , -122.363716 , 122.271487 
37.535890 , -122.363627 , 121.946820 
37.535676 , -122.363431 , 121.009419 
37.535544 , -122.363359 , 114.496497 
37.535291 , -122.363193 , 121.797252 
37.535132 , -122.363028 , 111.820908 
37.534894 , -122.362925 , 118.881575 
37.534733 , -122.362824 , 108.007991 
37.534512 , -122.362684 , 104.702600 
37.534284 , -122.362507 , 103.370432 
37.534090 , -122.362413 , 108.168970 
37.533855 , -122.362298 , 108.409055 
37.533631 , -122.362187 , 102.224033 
37.533427 , -122.362082 , 111.701315 
37.533221 , -122.361999 , 99.801376 
37.532989 , -122.361906 , 105.984274 
37.532773 , -122.361793 , 102.164452 
37.532570 , -122.361701 , 94.418545 
37.532360 , -122.361610 , 98.823867 
37.532146 , -122.361520 , 97.650146 
37.531944 , -122.361429 , 91.336789 
37.531724 , -122.361342 , 94.650978 
37.531530 , -122.361258 , 102.988950 
37.531325 , -122.361185 , 94.599450 
37.531129 , -122.361070 , 93.542529 
37.530917 , -122.361012 , 97.901814 
37.530725 , -122.360904 , 88.840514 
37.530515 , -122.360883 , 91.127479 
37.530301 , -122.360763 , 100.459315 
37.530128 , -122.360628 , 88.768478 
37.529917 , -122.360558 , 87.225766 
37.529697 , -122.360485 , 94.224124 
37.529479 , -122.360390 , 83.882777 
37.529296 , -122.360324 , 89.710336 
37.529108 , -122.360225 , 90.288613 
37.528923 , -122.360130 , 81.156628 
37.528723 , -122.360069 , 85.376629 
37.528486 , -122.359981 , 88.864501 
37.528321 , -122.359951 , 89.516318 
37.528135 , -122.359866 , 93.739521 
37.527877 , -122.359681 , 88.132315 
37.527639 , -122.359595 , 92.916047 
37.527481 , -122.359550 , 78.605122 
37.527220 , -122.359408 , 94.146878 
37.527053 , -122.359295 , 85.933481 
37.526795 , -122.359205 , 89.878448 
37.526662 , -122.359083 , 82.790391 
37.526416 , -122.358990 , 85.472486 
37.526193 , -122.358757 , 94.318176 
37.525991 , -122.358637 , 100.744116 
37.525897 , -122.358531 , 96.894632 
37.525638 , -122.358362 , 92.222768 
37.525483 , -122.358175 , 96.571176 
37.525333 , -122.358042 , 98.220521 
37.525130 , -122.357873 , 83.731004 
37.524943 , -122.357664 , 95.401754 
37.524778 , -122.357560 , 94.932777 
37.524636 , -122.357392 , 82.833189 
37.524423 , -122.357243 , 104.589460 
37.524296 , -122.357113 , 90.369733 
37.524129 , -122.357009 , 100.744352 
37.523957 , -122.356869 , 98.332652 
37.523871 , -122.356761 , 91.984832 
37.523645 , -122.356612 , 106.529481 
37.523505 , -122.356506 , 87.165083 
37.523307 , -122.356378 , 96.961154 
37.523144 , -122.356264 , 92.434771 
37.522949 , -122.356193 , 104.128837 
37.522805 , -122.356102 , 103.362270 
37.522584 , -122.355942 , 111.811001 
37.522427 , -122.355919 , 100.582210 
37.522259 , -122.355829 , 103.046641 
37.522070 , -122.355685 , 106.139364 
37.521891 , -122.355629 , 99.788044 
37.521780 , -122.355556 , 104.256894 
37.521559 , -122.355489 , 109.414973 
37.521408 , -122.355381 , 99.942613 
37.521233 , -122.355303 , 103.485343 
37.521097 , -122.355208 , 107.847233 
37.520902 , -122.355119 , 109.307659 
37.520737 , -122.355023 , 96.018877 
37.520554 , -122.354907 , 113.368806 
37.520423 , -122.354829 , 108.351541 
37.520271 , -122.354766 , 93.149569 
37.520082 , -122.354677 , 108.368092 
37.519954 , -122.354589 , 104.283573 
37.519768 , -122.354502 , 116.618317 
37.519604 , -122.354360 , 103.993189 
37.519437 , -122.354235 , 103.732987 
37.519311 , -122.354171 , 103.377341 
37.519103 , -122.354024 , 105.173790 
37.519020 , -122.353959 , 96.777650 
37.518823 , -122.353777 , 103.731459 
37.518659 , -122.353703 , 99.123613 
37.518541 , -122.353613 , 109.226589 
37.518373 , -122.353410 , 105.651685 
37.518280 , -122.353320 , 100.990484 
37.518040 , -122.353169 , 110.356396 
37.517910 , -122.353019 , 108.585670 
37.517742 , -122.352892 , 106.570821 
37.517624 , -122.352761 , 103.636049 
37.517446 , -122.352590 , 108.559569 
37.517296 , -122.352450 , 108.781239 
37.517151 , -122.352283 , 104.568412 
37.517001 , -122.352136 , 105.593721 
37.516864 , -122.351974 , 98.909148 
37.516724 , -122.351805 , 105.361560 
37.516591 , -122.351643 , 103.557423 
37.516411 , -122.351488 , 100.009097 
37.516247 , -122.351283 , 97.302319 
37.516106 , -122.351164 , 101.025512 
37.515950 , -122.351004 , 105.610087 
37.515765 , -122.350849 , 104.912012 
37.515641 , -122.350674 , 98.749665 
37.515475 , -122.350485 , 98.218431 
37.515334 , -122.350303 , 97.261918 
37.515168 , -122.350167 , 95.291384 
37.515014 , -122.349983 , 98.275849 
37.514837 , -122.349800 , 94.148753 
37.514693 , -122.349658 , 93.554844 
37.514548 , -122.349452 , 87.473379 
37.514338 , -122.349262 , 92.212144 
37.514162 , -122.349102 , 93.590414 
37.513997 , -122.348889 , 86.118744 
37.513797 , -122.348673 , 94.018144 
37.513631 , -122.348477 , 92.715865 
37.513405 , -122.348297 , 97.260042 
37.513229 , -122.348048 , 93.340695 
37.513073 , -122.347871 , 88.134031 
37.512835 , -122.347633 , 85.554399 
37.512635 , -122.347398 , 80.639574 
37.512472 , -122.347147 , 86.977621 
37.512205 , -122.346912 , 86.906684 
37.512053 , -122.346692 , 82.470037 
37.511820 , -122.346457 , 84.625430 
37.511637 , -122.346213 , 84.761807 
37.511492 , -122.345958 , 82.176987 
37.511244 , -122.345710 , 86.481053 
37.511082 , -122.345438 , 84.013911 
37.510876 , -122.345176 , 88.652044 
37.510711 , -122.344899 , 82.818673 
37.510500 , -122.344659 , 88.005533 
37.510343 , -122.344401 , 88.276150 
37.510152 , -122.344107 , 85.938367 
37.509954 , -122.343814 , 89.293667 
37.509780 , -122.343563 , 91.311201 
37.509618 , -122.343291 , 91.356083 
37.509424 , -122.343007 , 88.349405 
37.509238 , -122.342708 , 89.813174 
37.509072 , -122.342403 , 91.927728 
37.508870 , -122.342140 , 94.148985 
37.508710 , -122.341830 , 89.580691 
37.508545 , -122.341544 , 87.720172 
37.508357 , -122.341236 , 92.715003 
37.508195 , -122.340939 , 90.012720 
37.508002 , -122.340651 , 92.939083 
37.507817 , -122.340349 , 88.222161 
37.507631 , -122.340043 , 91.368056 
37.507461 , -122.339714 , 87.957148 
37.507266 , -122.339452 , 86.390552 
37.507092 , -122.339151 , 86.730693 
37.506928 , -122.338876 , 79.364673 
37.506684 , -122.338564 , 87.101341 
37.506556 , -122.338216 , 86.687230 
37.506366 , -122.337961 , 85.727176 
37.506211 , -122.337662 , 77.678726 
37.506019 , -122.337383 , 81.317808 
37.505827 , -122.337096 , 81.828903 
37.505667 , -122.336857 , 85.745502 
37.505531 , -122.336554 , 84.524418 
37.505381 , -122.336395 , 79.741366 
37.505223 , -122.336121 , 85.364856 
37.505058 , -122.335907 , 85.607078 
37.504884 , -122.335635 , 85.179778 
37.504802 , -122.335391 , 81.286180 
37.504587 , -122.335196 , 85.435488 
37.504460 , -122.335009 , 81.669512 
37.504277 , -122.334844 , 89.743287 
37.504162 , -122.334582 , 85.774110 
37.504029 , -122.334364 , 83.214575 
37.503924 , -122.334136 , 80.300456 
37.503765 , -122.333969 , 85.844449 
37.503612 , -122.333816 , 87.483460 
37.503499 , -122.333573 , 84.808310 
37.503393 , -122.333379 , 80.040032 
37.503267 , -122.333160 , 73.580917 
37.503084 , -122.332982 , 78.715296 
37.502972 , -122.332770 , 76.273685 
37.502829 , -122.332540 , 73.091978 
37.502594 , -122.332367 , 97.249367 
37.502488 , -122.332143 , 84.967186 
37.502330 , -122.331948 , 89.766246 
37.502184 , -122.331670 , 83.099982 
37.502012 , -122.331492 , 90.152478 
37.501892 , -122.331217 , 89.348557 
37.501738 , -122.330982 , 86.706621 
37.501611 , -122.330709 , 87.063945 
37.501449 , -122.330434 , 94.756570 
37.501329 , -122.330190 , 90.777593 
37.501230 , -122.329925 , 90.972404 
37.501106 , -122.329602 , 93.891200 
37.500997 , -122.329366 , 95.862485 
37.500882 , -122.329055 , 99.920106 
37.500810 , -122.328748 , 93.713615 
37.500737 , -122.328448 , 92.388207 
37.500647 , -122.328159 , 94.801919 
37.500584 , -122.327840 , 93.558393 
37.500526 , -122.327489 , 96.951813 
37.500437 , -122.327135 , 103.579157 
37.500414 , -122.326838 , 102.713017 
37.500391 , -122.326529 , 97.385374 
37.500351 , -122.326174 , 96.392014 
37.500289 , -122.325820 , 100.808065 
37.500253 , -122.325424 , 116.063692 
37.500253 , -122.325118 , 109.691694 
37.500266 , -122.324776 , 103.385603 
37.500245 , -122.324444 , 110.483955 
37.500255 , -122.324097 , 106.212621 
37.500246 , -122.323736 , 109.142831 
37.500277 , -122.323428 , 106.554388 
37.500254 , -122.323106 , 107.913984 
37.500249 , -122.322767 , 110.023213 
37.500217 , -122.322479 , 110.406522 
37.500197 , -122.322190 , 109.382211 
37.500187 , -122.321877 , 108.994829 
37.500143 , -122.321575 , 109.603839 
37.500091 , -122.321290 , 118.452163 
37.500060 , -122.320996 , 115.112119 
37.499984 , -122.320725 , 115.662982 
37.499979 , -122.320439 , 111.181279 
37.499896 , -122.320169 , 121.342133 
37.499827 , -122.319878 , 119.869282 
37.499762 , -122.319535 , 118.821111 
37.499697 , -122.319383 , 120.138665 
37.499621 , -122.319008 , 110.012553 
37.499524 , -122.318754 , 117.449368 
37.499423 , -122.318477 , 117.042196 
37.499314 , -122.318222 , 119.609749 
37.499238 , -122.317959 , 122.490651 
37.499137 , -122.317696 , 116.280150 
37.499012 , -122.317413 , 121.804109 
37.498894 , -122.317160 , 124.268259 
37.498749 , -122.316901 , 124.743815 
37.498652 , -122.316686 , 119.797636 
37.498466 , -122.316381 , 127.736091 
37.498369 , -122.316148 , 127.118032 
37.498216 , -122.315892 , 127.393935 
37.498070 , -122.315658 , 128.466354 
37.497889 , -122.315429 , 131.684863 
37.497806 , -122.315173 , 121.903323 
37.497643 , -122.314876 , 126.716585 
37.497475 , -122.314590 , 129.869976 
37.497332 , -122.314326 , 131.719708 
37.497227 , -122.314101 , 125.655687 
37.497051 , -122.313861 , 131.847949 
37.496910 , -122.313593 , 133.178696 
37.496792 , -122.313304 , 137.044438 
37.496678 , -122.313059 , 128.981694 
37.496546 , -122.312805 , 141.494979 
37.496430 , -122.312534 , 136.167480 
37.496311 , -122.312249 , 134.398539 
37.496164 , -122.312014 , 145.024695 
37.496061 , -122.311732 , 143.908876 
37.495944 , -122.311448 , 139.663346 
37.495866 , -122.311127 , 145.161250 
37.495756 , -122.310835 , 146.605284 
37.495658 , -122.310533 , 152.364820 
37.495574 , -122.310204 , 146.664808 
37.495502 , -122.309924 , 133.014111 
37.495427 , -122.309622 , 144.972991 
37.495342 , -122.309288 , 149.839431 
37.495259 , -122.308931 , 148.871510 
37.495182 , -122.308677 , 142.601524 
37.495056 , -122.308334 , 158.760742 
37.495014 , -122.308074 , 152.491689 
37.494928 , -122.307729 , 157.825738 
37.494875 , -122.307439 , 146.620002 
37.494797 , -122.307175 , 152.748412 
37.494731 , -122.306857 , 152.018484 
37.494657 , -122.306548 , 160.885314 
37.494581 , -122.306283 , 155.667285 
37.494514 , -122.305971 , 156.081409 
37.494451 , -122.305673 , 158.253280 
37.494374 , -122.305419 , 155.201870 
37.494254 , -122.305077 , 162.061098 
37.494193 , -122.304802 , 164.144911 
37.494068 , -122.304506 , 169.260045 
37.493957 , -122.304223 , 170.030155 
37.493880 , -122.304007 , 163.356012 
37.493760 , -122.303711 , 165.921096 
37.493627 , -122.303452 , 167.703369 
37.493498 , -122.303226 , 167.792601 
37.493373 , -122.302946 , 174.952703 
37.493238 , -122.302718 , 173.245009 
37.493073 , -122.302454 , 172.654143 
37.492941 , -122.302206 , 172.912497 
37.492803 , -122.301968 , 162.749479 
37.492626 , -122.301747 , 173.991704 
37.492455 , -122.301533 , 168.463168 
37.492258 , -122.301330 , 178.128929 
37.492096 , -122.301128 , 174.798294 
37.491959 , -122.300966 , 173.981980 
37.491691 , -122.300735 , 174.331512 
37.491522 , -122.300545 , 179.857304 
37.491281 , -122.300350 , 169.359349 
37.491087 , -122.300215 , 177.360832 
37.490851 , -122.299956 , 183.514041 
37.490671 , -122.299840 , 170.222786 
37.490443 , -122.299703 , 175.381473 
37.490230 , -122.299600 , 174.817736 
37.489964 , -122.299480 , 176.520608 
37.489762 , -122.299333 , 181.419497 
37.489561 , -122.299260 , 171.913017 
37.489324 , -122.299137 , 173.701703 
37.489078 , -122.299027 , 179.487198 
37.488884 , -122.298948 , 170.539026 
37.488682 , -122.298892 , 165.731967 
37.488405 , -122.298805 , 164.705907 
37.488167 , -122.298749 , 167.886918 
37.487912 , -122.298706 , 171.740106 
37.487667 , -122.298654 , 170.778310 
37.487411 , -122.298643 , 172.608873 
37.487200 , -122.298587 , 166.076826 
37.486960 , -122.298596 , 160.135336 
37.486690 , -122.298569 , 168.427566 
37.486435 , -122.298591 , 164.455006 
37.486182 , -122.298607 , 169.943731 
37.485918 , -122.298622 , 167.054857 
37.485690 , -122.298694 , 158.698921 
37.485411 , -122.298695 , 172.766124 
37.485152 , -122.298706 , 170.179554 
37.484938 , -122.298791 , 166.112590 
37.484701 , -122.298824 , 164.948365 
37.484457 , -122.298886 , 171.717530 
37.484194 , -122.298894 , 174.457407 
37.483982 , -122.298963 , 166.091297 
37.483722 , -122.298984 , 170.881286 
37.483502 , -122.299040 , 167.505484 
37.483266 , -122.299066 , 165.716351 
37.483033 , -122.299110 , 168.678765 
37.482800 , -122.299152 , 171.188431 
37.482556 , -122.299177 , 170.611861 
37.482347 , -122.299206 , 164.575482 
37.482095 , -122.299265 , 167.314489 
37.481881 , -122.299264 , 167.432070 
37.481674 , -122.299337 , 168.277058 
37.481413 , -122.299354 , 161.693654 
37.481186 , -122.299378 , 165.232984 
37.480944 , -122.299438 , 167.465703 
37.480727 , -122.299493 , 167.348373 
37.480474 , -122.299526 , 167.270763 
37.480251 , -122.299545 , 164.708442 
37.480025 , -122.299625 , 171.460318 
37.479779 , -122.299648 , 167.748738 
37.479482 , -122.299632 , 173.691374 
37.479274 , -122.299707 , 158.655850 
37.478992 , -122.299734 , 170.226738 
37.478737 , -122.299706 , 172.157239 
37.478476 , -122.299691 , 164.489109 
37.478241 , -122.299723 , 163.315236 
37.477964 , -122.299701 , 164.360465 
37.477695 , -122.299648 , 161.732387 
37.477386 , -122.299623 , 166.795340 
37.477097 , -122.299542 , 160.426466 
37.476833 , -122.299489 , 168.959280 
37.476594 , -122.299409 , 162.188611 
37.476333 , -122.299324 , 159.453266 
37.476051 , -122.299206 , 168.509143 
37.475825 , -122.299105 , 164.264569 
37.475530 , -122.299000 , 155.046838 
37.475276 , -122.298824 , 160.580585 
37.474999 , -122.298689 , 159.527704 
37.474762 , -122.298521 , 155.214257 
37.474495 , -122.298342 , 163.022734 
37.474277 , -122.298207 , 155.069179 
37.474053 , -122.298018 , 156.553032 
37.473834 , -122.297807 , 155.794585 
37.473633 , -122.297629 , 149.607508 
37.473436 , -122.297429 , 150.752406 
37.473208 , -122.297233 , 148.611436 
37.473016 , -122.297017 , 149.247681 
37.472805 , -122.296780 , 144.133134 
37.472556 , -122.296558 , 152.089635 
37.472445 , -122.296374 , 147.598509 
37.472192 , -122.296171 , 150.467906 
37.472037 , -122.295916 , 145.835074 
37.471828 , -122.295719 , 141.680845 
37.471639 , -122.295496 , 145.364171 
37.471465 , -122.295288 , 138.494807 
37.471226 , -122.295116 , 139.750105 
37.471048 , -122.294892 , 148.479597 
37.470856 , -122.294695 , 145.003673 
37.470610 , -122.294453 , 147.676102 
37.470492 , -122.294244 , 142.585663 
37.470268 , -122.294051 , 137.648080 
37.470030 , -122.293861 , 140.917781 
37.469879 , -122.293639 , 141.603390 
37.469649 , -122.293477 , 140.107304 
37.469460 , -122.293300 , 135.884380 
37.469258 , -122.293118 , 141.693890 
37.469055 , -122.292977 , 138.652200 
37.468827 , -122.292801 , 144.215458 
37.468652 , -122.292652 , 135.439247 
37.468380 , -122.292491 , 140.113270 
37.468201 , -122.292415 , 130.464487 
37.467981 , -122.292255 , 135.598878 
37.467748 , -122.292107 , 139.679556 
37.467547 , -122.292009 , 145.747567 
37.467292 , -122.291875 , 137.122247 
37.467048 , -122.291772 , 138.873879 
37.466831 , -122.291719 , 139.931485 
37.466596 , -122.291593 , 136.767941 
37.466346 , -122.291535 , 135.216138 
37.466104 , -122.291402 , 139.836412 
37.465861 , -122.291361 , 135.452651 
37.465574 , -122.291280 , 139.045844 
37.465328 , -122.291216 , 142.348359 
37.465138 , -122.291195 , 134.594043 
37.464848 , -122.291123 , 136.015010 
37.464569 , -122.291117 , 130.830177 
37.464282 , -122.291054 , 140.990612 
37.464028 , -122.291056 , 137.385729 
37.463813 , -122.291088 , 135.299306 
37.463542 , -122.291043 , 132.432642 
37.463320 , -122.291039 , 134.223909 
37.463035 , -122.291008 , 138.017750 
37.462789 , -122.291026 , 134.008930 
37.462544 , -122.290995 , 129.040462 
37.462260 , -122.290969 , 134.774835 
37.462016 , -122.290939 , 140.809458 
37.461803 , -122.290954 , 142.172855 
37.461477 , -122.290911 , 141.756074 
37.461281 , -122.290902 , 128.831608 
37.461046 , -122.290883 , 129.180487 
37.460773 , -122.290822 , 135.298604 
37.460518 , -122.290759 , 131.011598 
37.460255 , -122.290715 , 134.851611 
37.460062 , -122.290630 , 124.110418 
37.459806 , -122.290574 , 121.065929 
37.459584 , -122.290463 , 120.625444 
37.459355 , -122.290375 , 130.074436 
37.459149 , -122.290261 , 122.392032 
37.458909 , -122.290221 , 122.711831 
37.458732 , -122.290052 , 125.879407 
37.458530 , -122.289959 , 122.831180 
37.458362 , -122.289827 , 121.868326 
37.458128 , -122.289732 , 122.601432 
37.457955 , -122.289567 , 126.467446 
37.457744 , -122.289430 , 119.821425 
37.457538 , -122.289272 , 120.727410 
37.457360 , -122.289111 , 115.241867 
37.457163 , -122.288912 , 118.748266 
37.456939 , -122.288748 , 126.872437 
37.456758 , -122.288558 , 122.979028 
37.456589 , -122.288348 , 114.949654 
37.456354 , -122.288124 , 122.869645 
37.456192 , -122.287901 , 121.295586 
37.456008 , -122.287681 , 116.919762 
37.455825 , -122.287432 , 120.431036 
37.455683 , -122.287172 , 120.159078 
37.455491 , -122.286947 , 120.408769 
37.455344 , -122.286700 , 123.569347 
37.455170 , -122.286421 , 117.201917 
37.454995 , -122.286192 , 120.566024 
37.454836 , -122.285929 , 124.808877 
37.454677 , -122.285712 , 129.287258 
37.454572 , -122.285478 , 125.216709 
37.454402 , -122.285236 , 130.651495 
37.454259 , -122.285033 , 119.356536 
37.454080 , -122.284795 , 119.471917 
37.453950 , -122.284511 , 123.285635 
37.453788 , -122.284307 , 126.501701 
37.453597 , -122.284046 , 132.163300 
37.453471 , -122.283857 , 130.840137 
37.453343 , -122.283609 , 128.359060 
37.453187 , -122.283393 , 129.312538 
37.452966 , -122.283162 , 127.062687 
37.452845 , -122.282940 , 129.159682 
37.452679 , -122.282657 , 129.117502 
37.452563 , -122.282451 , 131.414335 
37.452389 , -122.282218 , 134.998738 
37.452282 , -122.282036 , 133.185229 
37.452102 , -122.281788 , 133.847813 
37.451952 , -122.281559 , 132.688279 
37.451778 , -122.281280 , 134.345389 
37.451640 , -122.281060 , 136.009770 
37.451475 , -122.280800 , 132.074169 
37.451313 , -122.280550 , 132.583907 
37.451160 , -122.280349 , 139.690426 
37.450999 , -122.280093 , 133.850665 
37.450877 , -122.279857 , 129.549314 
37.450678 , -122.279590 , 137.182382 
37.450518 , -122.279342 , 135.627153 
37.450357 , -122.279119 , 133.113975 
37.450195 , -122.278861 , 137.183659 
37.450022 , -122.278614 , 135.869972 
37.449848 , -122.278335 , 134.355154 
37.449677 , -122.278081 , 129.727113 
37.449507 , -122.277825 , 127.983322 
37.449356 , -122.277572 , 133.423965 
37.449196 , -122.277291 , 123.942984 
37.449047 , -122.277046 , 126.447505 
37.448853 , -122.276786 , 131.790960 
37.448661 , -122.276523 , 126.755617 
37.448456 , -122.276301 , 128.580831 
37.448333 , -122.276019 , 121.402221 
37.448116 , -122.275758 , 121.753203 
37.447924 , -122.275540 , 130.711891 
37.447783 , -122.275283 , 122.764783 
37.447588 , -122.275010 , 125.911914 
37.447424 , -122.274780 , 122.465416 
37.447299 , -122.274536 , 118.489157 
37.447139 , -122.274264 , 117.578741 
37.446947 , -122.274063 , 110.675793 
37.446734 , -122.273810 , 126.898779 
37.446615 , -122.273533 , 115.876789 
37.446387 , -122.273349 , 123.610798 
37.446263 , -122.273067 , 116.914435 
37.446112 , -122.272834 , 110.547898 
37.445913 , -122.272630 , 119.511013 
37.445775 , -122.272401 , 115.805140 
37.445606 , -122.272214 , 120.708251 
37.445473 , -122.271899 , 120.812492 
37.445320 , -122.271693 , 121.811706 
37.445209 , -122.271496 , 118.230436 
37.445067 , -122.271250 , 115.944901 
37.444958 , -122.271002 , 117.774171 
37.444789 , -122.270715 , 122.841182 
37.444680 , -122.270464 , 120.627256 
37.444622 , -122.270207 , 115.586737 
37.444477 , -122.269951 , 117.450581 
37.444352 , -122.269679 , 123.442401 
37.444248 , -122.269428 , 127.125040 
37.444172 , -122.269124 , 118.182569 
37.444102 , -122.268830 , 124.307232 
37.444032 , -122.268542 , 125.665136 
37.443959 , -122.268307 , 117.939872 
37.443918 , -122.267992 , 111.491741 
37.443843 , -122.267663 , 121.412279 
37.443721 , -122.267331 , 126.717232 
37.443703 , -122.267030 , 117.437178 
37.443628 , -122.266654 , 127.784316 
37.443590 , -122.266376 , 120.951871 
37.443553 , -122.266045 , 125.001255 
37.443516 , -122.265632 , 129.839053 
37.443500 , -122.265319 , 134.641728 
37.443502 , -122.264990 , 121.744687 
37.443517 , -122.264630 , 124.812220 
37.443509 , -122.264285 , 125.629715 
37.443493 , -122.263965 , 120.313076 
37.443531 , -122.263572 , 127.607440 
37.443592 , -122.263213 , 124.952987 
37.443594 , -122.262852 , 129.833080 
37.443656 , -122.262500 , 124.084063 
37.443642 , -122.262149 , 126.574841 
37.443734 , -122.261798 , 118.925676 
37.443767 , -122.261470 , 114.649595 
37.443760 , -122.261126 , 122.740086 
37.443822 , -122.260760 , 124.311937 
37.443873 , -122.260474 , 117.456590 
37.443880 , -122.260097 , 122.098925 
37.443915 , -122.259771 , 121.122502 
37.443937 , -122.259429 , 127.338711 
37.443974 , -122.259104 , 122.798569 
37.443998 , -122.258789 , 116.678734 
37.443987 , -122.258475 , 118.808615 
37.443985 , -122.258155 , 114.299265 
37.444010 , -122.257848 , 112.960609 
37.443957 , -122.257502 , 120.049380 
37.443929 , -122.257166 , 116.750148 
37.443875 , -122.256853 , 115.676593 
37.443840 , -122.256547 , 111.553779 
37.443780 , -122.256211 , 118.098500 
37.443706 , -122.255948 , 112.104617 
37.443647 , -122.255639 , 111.655523 
37.443554 , -122.255297 , 115.763931 
37.443510 , -122.254977 , 112.338987 
37.443399 , -122.254688 , 109.298997 
37.443271 , -122.254424 , 111.876824 
37.443208 , -122.254139 , 102.875518 
37.443069 , -122.253873 , 104.165955 
37.442982 , -122.253524 , 100.330342 
37.442831 , -122.253266 , 109.973366 
37.442718 , -122.252994 , 98.947136 
37.442581 , -122.252729 , 99.718980 
37.442420 , -122.252476 , 100.402596 
37.442274 , -122.252226 , 101.019081 
37.442086 , -122.251960 , 92.901427 
37.441933 , -122.251709 , 94.525999 
37.441752 , -122.251482 , 96.477700 
37.441601 , -122.251253 , 93.513210 
37.441403 , -122.251049 , 97.789425 
37.441234 , -122.250805 , 87.445247 
37.441077 , -122.250545 , 91.190664 
37.440880 , -122.250354 , 86.990546 
37.440728 , -122.250089 , 83.978812 
37.440553 , -122.249853 , 79.225457 
37.440333 , -122.249649 , 92.609231 
37.440134 , -122.249437 , 85.067083 
37.440011 , -122.249192 , 75.193409 
37.439787 , -122.248958 , 90.788330 
37.439641 , -122.248708 , 78.571912 
37.439500 , -122.248450 , 71.896264 
37.439277 , -122.248273 , 80.792774 
37.439061 , -122.247995 , 84.632274 
37.438891 , -122.247751 , 82.708920 
37.438713 , -122.247548 , 76.405458 
37.438517 , -122.247300 , 69.912867 
37.438341 , -122.247048 , 68.752621 
37.438137 , -122.246797 , 73.663556 
37.437969 , -122.246599 , 65.509743 
37.437780 , -122.246386 , 69.960517 
37.437571 , -122.246159 , 64.303497 
37.437387 , -122.245959 , 67.202408 
37.437145 , -122.245715 , 68.627177 
37.437010 , -122.245488 , 55.841942 
37.436789 , -122.245265 , 66.601147 
37.436584 , -122.245041 , 67.669465 
37.436401 , -122.244800 , 69.860911 
37.436216 , -122.244596 , 68.277079 
37.435990 , -122.244403 , 66.724916 
37.435839 , -122.244117 , 60.534364 
37.435651 , -122.243932 , 57.869173 
37.435481 , -122.243728 , 60.190712 
37.435290 , -122.243459 , 55.537873 
37.435126 , -122.243286 , 65.182969 
37.434931 , -122.243093 , 63.720396 
37.434807 , -122.242837 , 60.300198 
37.434602 , -122.242648 , 59.629839 
37.434391 , -122.242456 , 66.617678 
37.434228 , -122.242241 , 68.330301 
37.434128 , -122.242025 , 62.908445 
37.433901 , -122.241802 , 62.849881 
37.433709 , -122.241591 , 66.152000 
37.433503 , -122.241364 , 73.070575 
37.433364 , -122.241127 , 62.846525 
37.433191 , -122.240915 , 69.687245 
37.432951 , -122.240688 , 60.310502 
37.432752 , -122.240460 , 77.162606 
37.432550 , -122.240263 , 69.848097 
37.432408 , -122.240019 , 67.915910 
37.432231 , -122.239730 , 59.787422 
37.431996 , -122.239546 , 65.162104 
37.431805 , -122.239261 , 59.083560 
37.431524 , -122.239088 , 72.662940 
37.431392 , -122.238793 , 68.526099 
37.431205 , -122.238538 , 59.116142 
37.430998 , -122.238254 , 67.539908 
37.430790 , -122.237980 , 73.425991 
37.430587 , -122.237714 , 68.687083 
37.430364 , -122.237441 , 65.314747 
37.430171 , -122.237173 , 69.727617 
37.429999 , -122.236887 , 65.228825 
37.429773 , -122.236619 , 69.701294 
37.429616 , -122.236315 , 62.522182 
37.429354 , -122.236039 , 70.086731 
37.429173 , -122.235753 , 64.149446 
37.428965 , -122.235494 , 68.463319 
37.428728 , -122.235179 , 67.708869 
37.428573 , -122.234870 , 53.837388 
37.428353 , -122.234604 , 60.545760 
37.428161 , -122.234341 , 51.839761 
37.427918 , -122.234106 , 58.648794 
37.427765 , -122.233838 , 49.138177 
37.427525 , -122.233579 , 60.881900 
37.427351 , -122.233326 , 53.127318 
37.427204 , -122.233026 , 50.003989 
37.426990 , -122.232807 , 53.782408 
37.426826 , -122.232537 , 46.952606 
37.426617 , -122.232314 , 47.778127 
37.426452 , -122.232079 , 41.313866 
37.426263 , -122.231809 , 40.536910 
37.426086 , -122.231557 , 43.153679 
37.425876 , -122.231352 , 42.060523 
37.425691 , -122.231051 , 40.221423 
37.425506 , -122.230814 , 35.415086 
37.425322 , -122.230560 , 35.727337 
37.425125 , -122.230348 , 37.920388 
37.424949 , -122.230094 , 37.344828 
37.424751 , -122.229817 , 47.339389 
37.424574 , -122.229563 , 39.139809 
37.424389 , -122.229332 , 40.951081 
37.424201 , -122.229077 , 44.110236 
37.424065 , -122.228792 , 43.295037 
37.423839 , -122.228551 , 45.280315 
37.423669 , -122.228334 , 49.686688 
37.423502 , -122.228078 , 44.767693 
37.423322 , -122.227779 , 42.577984 
37.423116 , -122.227553 , 51.190767 
37.423012 , -122.227311 , 43.915502 
37.422876 , -122.227098 , 45.606092 
37.422718 , -122.226823 , 40.369115 
37.422548 , -122.226593 , 48.266719 
37.422343 , -122.226352 , 55.681169 
37.422174 , -122.226125 , 51.204296 
37.422048 , -122.225891 , 50.060667 
37.421841 , -122.225687 , 51.679878 
37.421693 , -122.225419 , 51.891323 
37.421548 , -122.225185 , 48.450963 
37.421350 , -122.224924 , 53.499674 
37.421154 , -122.224675 , 52.630806 
37.421000 , -122.224401 , 53.143447 
37.420830 , -122.224156 , 59.254213 
37.420662 , -122.223902 , 54.250522 
37.420482 , -122.223659 , 61.828170 
37.420256 , -122.223410 , 58.580482 
37.420138 , -122.223156 , 49.627843 
37.419964 , -122.222896 , 53.686997 
37.419831 , -122.222543 , 58.285370 
37.419672 , -122.222232 , 61.921275 
37.419526 , -122.221954 , 56.565541 
37.419368 , -122.221635 , 65.418009 
37.419302 , -122.221323 , 52.808196 
37.419200 , -122.221020 , 54.044392 
37.419082 , -122.220692 , 60.579619 
37.419001 , -122.220405 , 58.505758 
37.418931 , -122.220013 , 58.535595 
37.418876 , -122.219672 , 56.216881 
37.418833 , -122.219339 , 53.408305 
37.418748 , -122.218971 , 56.880896 
37.418736 , -122.218644 , 52.774191 
37.418661 , -122.218247 , 60.780129 
37.418585 , -122.217895 , 57.750530 
37.418536 , -122.217539 , 59.670580 
37.418510 , -122.217212 , 56.470591 
37.418462 , -122.216892 , 59.960139 
37.418422 , -122.216522 , 52.493991 
37.418358 , -122.216202 , 55.659563 
37.418286 , -122.215853 , 60.149433 
37.418223 , -122.215502 , 59.712735 
37.418153 , -122.215235 , 52.556683 
37.418077 , -122.214896 , 55.786468 
37.418006 , -122.214548 , 57.545628 
37.417881 , -122.214251 , 60.455794 
37.417762 , -122.213928 , 52.845658 
37.417643 , -122.213656 , 44.735879 
37.417499 , -122.213320 , 57.078516 
37.417329 , -122.213041 , 62.010761 
37.417199 , -122.212752 , 59.803029 
37.417012 , -122.212487 , 63.024981 
37.416865 , -122.212230 , 61.461995 
37.416668 , -122.211971 , 65.676415 
37.416456 , -122.211730 , 64.204518 
37.416236 , -122.211511 , 70.176522 
37.416009 , -122.211251 , 63.418881 
37.415853 , -122.211071 , 61.837931 
37.415661 , -122.210826 , 59.135090 
37.415428 , -122.210640 , 61.466647 
37.415235 , -122.210408 , 66.126018 
37.415026 , -122.210189 , 53.562786 
37.414830 , -122.210006 , 66.990239 
37.414597 , -122.209786 , 63.964278 
37.414386 , -122.209551 , 63.265460 
37.414213 , -122.209301 , 55.967467 
37.413974 , -122.209065 , 62.830589 
37.413811 , -122.208780 , 62.270840 
37.413640 , -122.208543 , 57.746840 
37.413501 , -122.208237 , 63.368795 
37.413352 , -122.207993 , 54.957410 
37.413207 , -122.207703 , 52.034461 
37.413082 , -122.207417 , 53.574959 
37.412922 , -122.207150 , 53.933811 
37.412784 , -122.206866 , 59.656312 
37.412769 , -122.206525 , 44.746850 
37.412661 , -122.206247 , 42.699616 
37.412565 , -122.206026 , 42.262504 
37.412451 , -122.205678 , 39.641536 
37.412368 , -122.205352 , 36.070773 
37.412265 , -122.205032 , 49.523912 
37.412166 , -122.204725 , 45.404688 
37.412082 , -122.204387 , 31.520657 
37.411975 , -122.204169 , 31.304435 
37.411864 , -122.203787 , 37.292265 
37.411721 , -122.203425 , 47.399843 
37.411693 , -122.203155 , 29.891780 
37.411553 , -122.202764 , 39.504821 
37.411467 , -122.202468 , 30.178962 
37.411297 , -122.202125 , 39.193214 
37.411228 , -122.201830 , 29.146639 
37.411124 , -122.201461 , 36.482744 
37.411029 , -122.201201 , 35.434409 
37.410947 , -122.200887 , 28.637260 
37.410848 , -122.200553 , 26.926018 
37.410748 , -122.200289 , 22.509607 
37.410648 , -122.199980 , 21.155377 
37.410584 , -122.199685 , 22.401242 
37.410437 , -122.199414 , 29.547134 
37.410385 , -122.199128 , 24.769828 
37.410273 , -122.198805 , 32.693530 
37.410146 , -122.198524 , 33.681149 
37.410094 , -122.198261 , 34.832596 
37.410029 , -122.197980 , 28.078067 
37.409946 , -122.197724 , 27.683239 
37.409851 , -122.197410 , 30.626609 
37.409764 , -122.197169 , 26.450682 
37.409667 , -122.196867 , 25.897428 
37.409514 , -122.196545 , 41.454220 
37.409450 , -122.196259 , 29.293974 
37.409349 , -122.195942 , 31.382886 
37.409264 , -122.195620 , 30.724642 
37.409141 , -122.195298 , 31.539846 
37.409029 , -122.194977 , 32.819493 
37.408912 , -122.194649 , 27.263251 
37.408817 , -122.194327 , 27.649051 
37.408712 , -122.193967 , 29.448402 
37.408584 , -122.193575 , 31.792201 
37.408486 , -122.193261 , 29.673235 
37.408372 , -122.192898 , 38.514574 
37.408271 , -122.192550 , 32.985257 
37.408149 , -122.192229 , 36.854772 
37.408013 , -122.191908 , 35.463496 
37.407841 , -122.191568 , 42.239981 
37.407696 , -122.191244 , 38.392884 
37.407550 , -122.190946 , 40.400682 
37.407394 , -122.190649 , 40.474028 
37.407222 , -122.190377 , 44.626364 
37.407031 , -122.190128 , 49.139681 
37.406892 , -122.189857 , 47.897884 
37.406753 , -122.189641 , 48.993621 
37.406567 , -122.189438 , 46.795693 
37.406408 , -122.189194 , 55.887086 
37.406273 , -122.188971 , 42.635245 
37.406083 , -122.188782 , 43.772816 
37.405852 , -122.188614 , 46.750538 
37.405656 , -122.188446 , 46.300794 
37.405493 , -122.188239 , 46.001008 
37.405310 , -122.188089 , 48.111818 
37.405098 , -122.187898 , 50.438757 
37.404917 , -122.187735 , 50.755034 
37.404717 , -122.187560 , 54.366558 
37.404541 , -122.187363 , 48.280487 
37.404321 , -122.187174 , 54.760341 
37.404124 , -122.187005 , 54.289561 
37.403944 , -122.186827 , 53.219892 
37.403702 , -122.186625 , 59.805996 
37.403528 , -122.186433 , 57.692333 
37.403325 , -122.186247 , 54.730499 
37.403131 , -122.185998 , 56.515619 
37.402912 , -122.185846 , 55.443987 
37.402740 , -122.185654 , 55.573701 
37.402516 , -122.185461 , 63.150614 
37.402359 , -122.185245 , 57.716212 
37.402118 , -122.185019 , 57.997276 
37.401919 , -122.184888 , 59.907699 
37.401717 , -122.184666 , 60.344343 
37.401503 , -122.184437 , 50.906251 
37.401342 , -122.184239 , 51.420000 
37.401088 , -122.184048 , 65.953835 
37.400931 , -122.183863 , 59.002965 
37.400725 , -122.183605 , 61.571021 
37.400578 , -122.183422 , 60.361751 
37.400342 , -122.183251 , 64.300824 
37.400117 , -122.183087 , 71.124816 
37.399949 , -122.182815 , 61.213021 
37.399745 , -122.182649 , 58.471870 
37.399588 , -122.182472 , 63.528832 
37.399355 , -122.182273 , 60.240699 
37.399167 , -122.182102 , 65.000412 
37.399022 , -122.181868 , 61.891869 
37.398831 , -122.181706 , 63.195812 
37.398662 , -122.181504 , 59.077183 
37.398446 , -122.181333 , 71.964630 
37.398255 , -122.181171 , 73.279553 
37.398089 , -122.180973 , 71.208103 
37.397913 , -122.180811 , 76.821884 
37.397718 , -122.180626 , 65.684449 
37.397547 , -122.180435 , 68.585553 
37.397377 , -122.180260 , 76.403329 
37.397188 , -122.180061 , 68.007526 
37.397010 , -122.179858 , 70.138282 
37.396810 , -122.179670 , 72.499828 
37.396632 , -122.179520 , 75.113115 
37.396454 , -122.179307 , 76.688905 
37.396282 , -122.179085 , 68.140077 
37.396057 , -122.178913 , 80.044511 
37.395894 , -122.178718 , 83.708395 
37.395706 , -122.178500 , 78.491060 
37.395459 , -122.178344 , 79.178586 
37.395266 , -122.178110 , 76.950143 
37.395091 , -122.177922 , 77.816884 
37.394877 , -122.177697 , 77.188722 
37.394689 , -122.177542 , 77.649025 
37.394539 , -122.177317 , 72.572519 
37.394303 , -122.177102 , 72.693204 
37.394126 , -122.176892 , 73.846676 
37.393939 , -122.176631 , 72.664812 
37.393765 , -122.176385 , 69.257754 
37.393550 , -122.176128 , 71.785861 
37.393425 , -122.175849 , 66.327815 
37.393256 , -122.175565 , 71.809480 
37.393091 , -122.175298 , 62.937840 
37.392934 , -122.174986 , 69.995491 
37.392802 , -122.174650 , 65.360500 
37.392701 , -122.174370 , 64.143712 
37.392537 , -122.174045 , 61.548430 
37.392446 , -122.173672 , 63.537141 
37.392357 , -122.173332 , 67.917734 
37.392287 , -122.173023 , 57.225324 
37.392179 , -122.172609 , 59.439478 
37.392136 , -122.172312 , 52.868979 
37.392085 , -122.171944 , 57.230430 
37.392056 , -122.171568 , 51.767978 
37.392003 , -122.171205 , 56.994784 
37.391986 , -122.170858 , 50.040613 
37.391984 , -122.170517 , 46.433182 
37.391989 , -122.170187 , 42.155669 
37.391963 , -122.169863 , 43.121118 
37.391916 , -122.169543 , 45.597254 
37.391877 , -122.169243 , 49.682751 
37.391867 , -122.168930 , 45.056655 
37.391818 , -122.168609 , 45.025200 
37.391756 , -122.168315 , 49.755427 
37.391693 , -122.168091 , 33.021697 
37.391608 , -122.167807 , 33.111114 
37.391516 , -122.167527 , 35.209658 
37.391419 , -122.167206 , 40.448293 
37.391325 , -122.166947 , 32.092324 
37.391233 , -122.166687 , 29.776354 
37.391061 , -122.166454 , 33.892979 
37.390923 , -122.166226 , 36.776848 
37.390798 , -122.166048 , 33.348670 
37.390654 , -122.165794 , 42.158574 
37.390513 , -122.165634 , 40.598241 
37.390358 , -122.165509 , 39.208240 
37.390256 , -122.165260 , 40.814997 
37.390127 , -122.165113 , 28.206997 
37.389934 , -122.165052 , 40.386550 
37.389803 , -122.165002 , 33.934945 
37.389655 , -122.164991 , 35.854478 
37.389544 , -122.164974 , 17.914214 
37.389315 , -122.164960 , 38.517209 
37.389161 , -122.164929 , 40.353424 
37.388962 , -122.164809 , 51.496050 
37.388903 , -122.164719 , 35.828756 
37.388808 , -122.164617 , 35.565475 
37.388630 , -122.164538 , 42.881535 
37.388496 , -122.164485 , 51.778472 
37.388469 , -122.164363 , 44.807765 
37.388416 , -122.164285 , 45.786986 
37.388358 , -122.164171 , 39.786298 
37.388290 , -122.164175 , 35.521228 
37.388244 , -122.164081 , 29.482202 
37.388195 , -122.164017 , 45.039856 
37.388196 , -122.164014 , 36.243673 
37.388189 , -122.163923 , 38.147071 
37.388171 , -122.163905 , 44.138132 
37.388147 , -122.163855 , 48.080036 
37.388138 , -122.163897 , 50.054880 
37.388190 , -122.163989 , 36.910750 
37.388159 , -122.163957 , 34.480597 
37.388195 , -122.163889 , 39.344404 
37.388179 , -122.163855 , 34.385739 
37.388154 , -122.163796 , 35.169494 
37.388108 , -122.163759 , 32.248194 
37.388103 , -122.163617 , 39.835796 
37.388087 , -122.163525 , 39.451937 
37.388118 , -122.163497 , 37.336805 
37.388073 , -122.163428 , 36.321784 
37.388039 , -122.163407 , 54.258305 
37.387998 , -122.163416 , 45.478501 
37.388003 , -122.163415 , 43.628430 
37.387933 , -122.163378 , 35.937709 
37.387885 , -122.163466 , 49.976489 
37.387894 , -122.163530 , 49.922552 
37.387846 , -122.163499 , 36.731383 
37.387755 , -122.163587 , 45.002661 
37.387715 , -122.163594 , 39.526486 
37.387651 , -122.163617 , 42.718143 
37.387571 , -122.163604 , 42.140001 
37.387557 , -122.163623 , 38.709542 
37.387513 , -122.163621 , 47.931119 
37.387420 , -122.163564 , 61.552472 
37.387438 , -122.163497 , 41.722557 
37.387450 , -122.163581 , 59.608122 
37.387509 , -122.163570 , 33.210466 
37.387415 , -122.163557 , 42.861008 
37.387488 , -122.163527 , 47.529947 
37.387437 , -122.163552 , 31.442771 
37.387505 , -122.163477 , 29.014562 
37.387498 , -122.163399 , 22.964191 
37.387494 , -122.163442 , 40.046109 
37.387486 , -122.163546 , 32.390316 
37.387483 , -122.163487 , 41.475556 
37.387475 , -122.163526 , 31.907273 
37.387452 , -122.163577 , 42.151986 
37.387491 , -122.163534 , 48.680342 
37.387505 , -122.163386 , 35.563267 
37.387490 , -122.163487 , 44.133151 
37.387534 , -122.163458 , 28.388091 
37.387557 , -122.163419 , 32.690618 
37.387525 , -122.163480 , 39.787924 
37.387525 , -122.163523 , 19.631961 
37.387516 , -122.163456 , 37.041898 
37.387506 , -122.163482 , 44.411869 
37.387481 , -122.163516 , 50.502425 
37.387560 , -122.163474 , 28.770708 
37.387498 , -122.163427 , 38.060588 
37.387500 , -122.163476 , 41.953394 
37.387510 , -122.163492 , 39.751307 
37.387516 , -122.163518 , 32.862614 
37.387475 , -122.163523 , 48.836382 
37.387468 , -122.163552 , 59.858259 
37.387527 , -122.163586 , 57.803081 
37.387522 , -122.163572 , 51.599435 
37.387586 , -122.163447 , 31.499159 
37.387527 , -122.163486 , 43.137153 
37.387487 , -122.163472 , 59.135021 
37.387519 , -122.163483 , 39.524667 
37.387550 , -122.163467 , 32.838036 
37.387550 , -122.163516 , 31.126349 
37.387518 , -122.163501 , 27.948559 
37.387506 , -122.163463 , 45.765776 
37.387445 , -122.163457 , 60.403588 
37.387472 , -122.163535 , 63.999724 
37.387485 , -122.163496 , 50.930000 
37.387471 , -122.163502 , 54.025522 
37.387465 , -122.163514 , 50.634535 
37.387525 , -122.163477 , 44.274879 
37.387521 , -122.163476 , 34.777231 
37.387540 , -122.163501 , 33.931742 
37.387509 , -122.163472 , 37.882540 
37.387484 , -122.163522 , 41.571535 
37.387496 , -122.163496 , 47.735613 
37.387529 , -122.163456 , 30.637831 
37.387515 , -122.163586 , 34.911451 
37.387539 , -122.163547 , 34.181670 
37.387502 , -122.163589 , 44.092876 
37.387535 , -122.163462 , 27.589968 
37.387516 , -122.163534 , 39.327525 
37.387538 , -122.163532 , 29.692948 
37.387580 , -122.163539 , 31.273934 
37.387523 , -122.163572 , 33.910452 
37.387578 , -122.163599 , 25.031495 
37.387548 , -122.163516 , 34.726241 
37.387519 , -122.163483 , 31.121337 
37.387519 , -122.163456 , 46.134242 
37.387530 , -122.163479 , 47.004943 
37.387495 , -122.163540 , 54.396182 
37.387518 , -122.163483 , 32.682949 
37.387498 , -122.163510 , 38.287704 
37.387456 , -122.163540 , 59.490707 
37.387467 , -122.163509 , 41.515460 
37.387540 , -122.163490 , 40.425138 
37.387561 , -122.163462 , 27.440086 
37.387401 , -122.163550 , 64.446877 
37.387470 , -122.163456 , 45.820608 
37.387476 , -122.163525 , 45.533779 
37.387481 , -122.163456 , 32.145500 
37.387441 , -122.163504 , 43.438192 
37.387459 , -122.163435 , 35.518944 
37.387452 , -122.163476 , 37.920240 
37.387451 , -122.163457 , 46.577368 
37.387463 , -122.163449 , 40.202060 
37.387462 , -122.163413 , 43.585685 
37.387500 , -122.163410 , 36.541130 
37.387554 , -122.163407 , 24.312169 
37.387518 , -122.163472 , 35.791540 
37.387451 , -122.163499 , 36.266047 
37.387506 , -122.163504 , 32.434671 
37.387477 , -122.163476 , 31.994929 
37.387499 , -122.163478 , 38.310793 
37.387452 , -122.163484 , 49.737257 
37.387470 , -122.163492 , 45.942331 
37.387425 , -122.163482 , 42.637293 
37.387440 , -122.163475 , 44.185618 
37.387427 , -122.163465 , 55.524543 
37.387458 , -122.163475 , 44.749394 
37.387518 , -122.163449 , 44.771834 
37.387495 , -122.163474 , 47.114058 
37.387472 , -122.163474 , 41.869711 
37.387456 , -122.163465 , 37.493309 
37.387468 , -122.163463 , 42.346032 
37.387406 , -122.163552 , 51.269314 
37.387417 , -122.163577 , 49.152713 
37.387375 , -122.163543 , 50.858014 
37.387384 , -122.163551 , 42.731961 
37.387395 , -122.163534 , 47.094817 
37.387441 , -122.163523 , 44.784846 
37.387460 , -122.163590 , 47.595484 
37.387456 , -122.163531 , 53.582340 
37.387488 , -122.163471 , 48.608877 
37.387472 , -122.163419 , 53.640597 
37.387467 , -122.163447 , 46.071681 
37.387435 , -122.163474 , 52.702460 
37.387514 , -122.163463 , 43.796980 
37.387533 , -122.163380 , 31.185804 
37.387529 , -122.163489 , 46.545915 
37.387491 , -122.163455 , 47.989622 
37.387389 , -122.163508 , 47.700761 
37.387433 , -122.163472 , 54.778207 
37.387506 , -122.163511 , 44.408599 
37.387486 , -122.163453 , 38.088487 
37.387503 , -122.163490 , 29.742718 
37.387509 , -122.163416 , 32.481418 
37.387584 , -122.163492 , 32.532450 
37.387520 , -122.163452 , 31.299503 
37.387496 , -122.163472 , 36.262704 
37.387495 , -122.163522 , 42.124810 
37.387513 , -122.163507 , 43.706623 
37.387550 , -122.163420 , 35.615680 
37.387517 , -122.163482 , 42.138155 
37.387518 , -122.163481 , 45.302617 
37.387529 , -122.163445 , 29.544354 
37.387552 , -122.163429 , 21.079519 
37.387538 , -122.163385 , 27.424819 
37.387499 , -122.163415 , 38.238249 
37.387521 , -122.163450 , 38.157927 
37.387506 , -122.163453 , 39.637142 
37.387541 , -122.163467 , 28.368538 
37.387483 , -122.163499 , 50.989490 
37.387458 , -122.163519 , 61.171468 
37.387461 , -122.163498 , 51.389398 
37.387480 , -122.163542 , 58.469791 
37.387477 , -122.163480 , 52.639992 
