37.6267317,-122.4274593,7.189484
37.6267170,-122.4274535,6.722137
37.6267233,-122.4274521,7.308228
37.6267318,-122.4274548,6.690216
37.6267374,-122.4274514,6.405731
37.6267384,-122.4274501,6.229492
37.6267374,-122.4274497,4.981110
37.6267481,-122.4274605,4.889282
37.6267528,-122.4274672,5.302887
37.6267547,-122.4274662,5.577728
37.6267551,-122.4274673,5.886993
37.6267571,-122.4274751,5.685638
37.6267535,-122.4274718,5.313110
37.6267512,-122.4274693,5.180359
37.6267541,-122.4274645,5.037720
37.6267530,-122.4274622,3.677429
37.6267536,-122.4274581,3.538879
37.6267533,-122.4274560,3.540253
37.6267549,-122.4274600,4.989807
37.6267574,-122.4274590,5.319824
37.6267561,-122.4274605,5.846466
37.6267598,-122.4274587,5.738159
37.6267660,-122.4274532,4.606018
37.6267674,-122.4274485,5.114624
37.6267763,-122.4274458,6.167084
37.6267765,-122.4274420,6.499207
37.6267818,-122.4274428,6.578613
37.6267805,-122.4274452,5.901581
37.6267745,-122.4274465,5.753784
37.6267740,-122.4274481,5.958221
37.6267731,-122.4274488,5.938019
37.6267732,-122.4274471,6.265320
37.6267743,-122.4274458,6.879028
37.6267751,-122.4274451,7.322174
37.6267738,-122.4274450,7.334900
37.6267724,-122.4274455,7.228516
37.6267717,-122.4274450,7.100891
37.6267720,-122.4274446,7.103912
37.6267720,-122.4274453,6.839172
37.6267709,-122.4274444,6.995087
37.6267702,-122.4274415,7.149109
37.6267658,-122.4274366,6.637970
37.6267695,-122.4274344,7.116211
37.6267705,-122.4274321,6.989960
37.6267706,-122.4274312,7.081482
37.6267706,-122.4274315,7.088623
37.6267701,-122.4274307,7.023743
37.6267697,-122.4274293,7.118591
37.6267689,-122.4274295,7.064758
37.6267702,-122.4274276,7.167175
37.6267715,-122.4274279,6.838226
37.6267746,-122.4274282,7.023865
37.6267776,-122.4274286,7.382690
37.6267762,-122.4274280,7.570221
37.6267762,-122.4274253,7.346405
37.6267763,-122.4274236,7.055054
37.6267770,-122.4274235,6.921234
37.6267776,-122.4274229,6.896729
37.6267776,-122.4274230,6.809845
37.6267776,-122.4274217,6.770416
37.6267768,-122.4274214,6.865356
37.6267762,-122.4274208,6.830536
37.6267759,-122.4274206,6.774384
37.6267760,-122.4274205,6.835449
37.6267760,-122.4274205,6.837769
37.6267760,-122.4274205,6.837585
37.6267760,-122.4274205,6.840118
37.6267760,-122.4274205,6.846710
37.6267761,-122.4274205,6.847839
37.6267761,-122.4274205,6.849274
37.6267761,-122.4274205,6.854187
37.6267761,-122.4274205,6.856506
37.6267761,-122.4274205,6.857178
37.6267761,-122.4274205,6.860901
37.6267761,-122.4274205,6.861938
37.6267761,-122.4274205,6.870789
37.6267761,-122.4274205,6.871521
37.6267762,-122.4274205,6.871155
37.6267762,-122.4274206,6.873383
37.6267762,-122.4274206,6.876434
37.6267762,-122.4274206,6.875824
37.6267763,-122.4274206,6.879761
37.6267763,-122.4274205,6.885345
37.6267775,-122.4274223,7.112915
37.6267799,-122.4274265,7.061768
37.6267805,-122.4274268,7.081421
37.6267799,-122.4274259,7.244843
37.6267799,-122.4274260,7.216034
37.6267795,-122.4274255,7.299011
37.6267793,-122.4274256,7.452820
37.6267795,-122.4274262,7.389130
37.6267792,-122.4274287,7.287384
37.6267801,-122.4274301,7.210541
37.6267806,-122.4274307,7.169250
37.6267811,-122.4274308,7.176270
37.6267812,-122.4274310,7.172119
37.6267813,-122.4274312,7.161896
37.6267814,-122.4274312,7.168915
37.6267814,-122.4274313,7.173065
37.6267814,-122.4274313,7.174347
37.6267814,-122.4274313,7.172516
37.6267814,-122.4274313,7.174438
37.6267813,-122.4274313,7.176697
37.6267813,-122.4274313,7.176971
37.6267814,-122.4274313,7.174988
37.6267814,-122.4274313,7.173798
37.6267814,-122.4274313,7.172882
37.6267814,-122.4274313,7.170776
37.6267814,-122.4274313,7.173401
37.6267814,-122.4274313,7.175354
37.6267814,-122.4274313,7.178436
37.6267814,-122.4274313,7.179718
37.6267813,-122.4274314,7.183014
37.6267813,-122.4274313,7.181061
37.6267814,-122.4274313,7.177704
37.6267814,-122.4274313,7.180389
37.6267814,-122.4274313,7.181641
37.6267814,-122.4274313,7.182861
37.6267814,-122.4274312,7.183899
37.6267814,-122.4274312,7.184143
37.6267814,-122.4274312,7.183868
37.6267790,-122.4274295,7.094421
37.6267785,-122.4274276,7.241119
37.6267790,-122.4274264,7.303436
37.6267793,-122.4274263,7.174683
37.6267780,-122.4274254,7.342377
37.6267774,-122.4274227,7.521210
37.6267766,-122.4274212,7.664185
37.6267774,-122.4274206,7.582642
37.6267790,-122.4274189,7.765900
37.6267795,-122.4274177,7.704254
37.6267791,-122.4274168,7.838898
37.6267785,-122.4274167,7.887939
37.6267790,-122.4274164,7.958923
37.6267789,-122.4274183,7.961090
37.6267785,-122.4274186,8.035156
37.6267775,-122.4274186,8.180481
37.6267768,-122.4274200,8.201630
37.6267765,-122.4274206,8.277100
37.6267760,-122.4274207,8.306183
37.6267758,-122.4274203,8.465729
37.6267754,-122.4274209,8.580780
37.6267755,-122.4274206,8.538940
37.6267748,-122.4274214,8.484314
37.6267755,-122.4274230,8.321747
37.6267762,-122.4274241,8.328125
37.6267764,-122.4274247,8.381683
37.6267764,-122.4274252,8.362823
37.6267767,-122.4274261,8.484955
37.6267770,-122.4274266,8.503540
37.6267776,-122.4274275,8.465302
37.6267777,-122.4274278,8.538971
37.6267777,-122.4274278,8.540497
37.6267776,-122.4274280,8.540497
37.6267775,-122.4274281,8.548828
37.6267775,-122.4274282,8.550323
37.6267775,-122.4274282,8.554138
37.6267775,-122.4274282,8.555786
37.6267776,-122.4274282,8.553497
37.6267776,-122.4274282,8.554535
37.6267777,-122.4274279,8.561707
37.6267776,-122.4274287,8.354156
37.6267767,-122.4274290,8.302551
37.6267761,-122.4274270,8.234772
37.6267755,-122.4274254,8.155273
37.6267747,-122.4274251,7.991302
37.6267750,-122.4274245,7.752747
37.6267751,-122.4274256,7.576508
37.6267753,-122.4274256,7.302246
37.6267754,-122.4274251,7.210754
37.6267758,-122.4274244,7.104919
37.6267759,-122.4274242,7.096527
37.6267761,-122.4274239,7.086426
37.6267763,-122.4274238,7.092438
37.6267763,-122.4274238,7.092072
37.6267763,-122.4274238,7.092102
37.6267763,-122.4274238,7.091431
37.6267762,-122.4274238,7.085938
37.6267762,-122.4274238,7.084503
37.6267762,-122.4274238,7.083191
37.6267762,-122.4274238,7.077972
37.6267746,-122.4274211,6.990631
37.6267773,-122.4274120,6.917786
37.6267857,-122.4273937,7.165039
37.6268008,-122.4273612,7.021851
37.6268250,-122.4273172,7.371399
37.6268531,-122.4272570,7.458954
37.6268807,-122.4271917,7.328278
37.6269103,-122.4271103,7.009918
37.6269444,-122.4270224,6.679565
37.6269817,-122.4269289,6.213318
37.6270178,-122.4268317,5.890930
37.6270536,-122.4267321,5.376495
37.6270921,-122.4266272,4.804810
37.6271336,-122.4265234,4.564026
37.6271753,-122.4264154,4.133179
37.6272159,-122.4263086,3.278259
37.6272560,-122.4261965,2.889587
37.6272927,-122.4260874,2.372437
37.6273269,-122.4259788,2.166534
37.6273608,-122.4258736,1.912689
37.6273921,-122.4257859,1.647522
37.6274220,-122.4257073,1.438171
37.6274459,-122.4256454,1.293304
37.6274639,-122.4255990,1.290863
37.6274776,-122.4255638,1.171783
37.6274883,-122.4255373,1.155365
37.6274942,-122.4255179,1.039490
37.6274978,-122.4255100,0.931366
37.6274990,-122.4255080,0.986572
37.6274991,-122.4255072,1.034119
37.6274992,-122.4255069,1.036835
37.6275007,-122.4254984,1.226898
37.6275035,-122.4254752,1.116119
37.6274987,-122.4254334,1.089355
37.6274767,-122.4253882,1.135315
37.6274339,-122.4253536,1.153931
37.6273811,-122.4253178,1.323853
37.6273194,-122.4252791,1.398102
37.6272465,-122.4252315,2.106720
37.6271708,-122.4251821,1.956604
37.6270900,-122.4251325,1.894287
37.6270114,-122.4250864,1.883087
37.6269356,-122.4250393,1.708923
37.6268541,-122.4249925,1.855865
37.6267733,-122.4249437,2.126312
37.6266865,-122.4248920,2.174103
37.6265933,-122.4248355,2.364349
37.6264995,-122.4247791,2.506317
37.6264088,-122.4247245,2.656708
37.6263203,-122.4246705,2.965057
37.6262433,-122.4246228,3.212860
37.6261718,-122.4245786,3.598846
37.6261112,-122.4245435,3.889801
37.6260606,-122.4245231,4.183807
37.6260254,-122.4245137,4.082001
37.6260083,-122.4245118,4.213470
37.6260027,-122.4245108,4.293823
37.6260024,-122.4245099,4.296783
37.6260028,-122.4245091,4.346375
37.6259996,-122.4245086,4.474579
37.6259859,-122.4245105,4.456604
37.6259605,-122.4245206,4.608734
37.6259307,-122.4245473,5.062653
37.6259042,-122.4245937,5.403107
37.6258766,-122.4246570,5.915680
37.6258456,-122.4247343,6.562561
37.6258096,-122.4248236,7.492920
37.6257705,-122.4249266,8.246002
37.6257252,-122.4250385,9.382263
37.6256771,-122.4251580,8.648102
37.6256201,-122.4252848,10.062866
37.6255652,-122.4254186,11.105194
37.6255100,-122.4255585,12.286621
37.6254674,-122.4257091,13.469666
37.6254360,-122.4258700,14.433838
37.6254137,-122.4260366,15.389954
37.6253956,-122.4262053,16.293518
37.6253771,-122.4263760,17.257263
37.6253545,-122.4265537,18.213318
37.6253241,-122.4267252,19.203979
37.6252841,-122.4268930,20.058167
37.6252342,-122.4270628,20.866211
37.6251790,-122.4272323,21.808716
37.6251247,-122.4273930,22.908386
37.6250731,-122.4275517,23.795715
37.6250251,-122.4277050,24.643066
37.6249724,-122.4278551,25.341064
37.6249125,-122.4279956,25.585571
37.6248424,-122.4281244,25.795044
37.6247638,-122.4282433,25.810547
37.6246852,-122.4283519,25.942749
37.6246044,-122.4284577,25.921692
37.6245296,-122.4285472,26.206055
37.6244617,-122.4286201,26.458435
37.6244025,-122.4286781,26.670532
37.6243532,-122.4287225,26.731201
37.6243031,-122.4287635,26.978943
37.6242467,-122.4287957,27.371033
37.6241808,-122.4288271,28.082764
37.6241071,-122.4288374,28.544617
37.6240365,-122.4288150,28.927063
37.6239574,-122.4287678,29.135315
37.6238684,-122.4287022,29.384705
37.6237732,-122.4286244,29.676575
37.6236718,-122.4285440,29.640076
37.6235565,-122.4284524,29.820984
37.6234386,-122.4283608,30.049194
37.6233075,-122.4282533,30.353455
37.6231722,-122.4281422,30.633972
37.6230267,-122.4280261,30.823486
37.6228682,-122.4279001,30.731567
37.6227104,-122.4277755,30.789856
37.6225451,-122.4276459,30.707153
37.6223740,-122.4275173,30.467957
37.6221933,-122.4273821,30.050110
37.6219995,-122.4272426,29.672729
37.6218112,-122.4271068,29.652039
37.6216109,-122.4269669,29.009094
37.6214037,-122.4268205,28.566711
37.6211968,-122.4266712,28.148438
37.6209888,-122.4265238,24.251953
37.6207709,-122.4263764,25.180603
37.6205508,-122.4262308,25.730652
37.6203268,-122.4260862,26.091248
37.6201014,-122.4259409,26.712646
37.6198766,-122.4257957,27.334351
37.6196473,-122.4256411,28.093018
37.6194317,-122.4254891,29.092407
37.6192138,-122.4253358,29.996948
37.6189965,-122.4251921,30.992859
37.6187711,-122.4250558,32.082336
37.6185389,-122.4249318,33.185669
37.6183163,-122.4248294,34.419434
37.6180850,-122.4247346,36.996582
37.6178484,-122.4246527,41.787048
37.6176172,-122.4245852,40.073547
37.6173909,-122.4245299,43.376526
37.6171569,-122.4244850,42.691833
37.6169258,-122.4244507,42.859192
37.6166954,-122.4244245,43.346313
37.6164635,-122.4244093,43.915039
37.6162300,-122.4244059,44.839478
37.6159860,-122.4244147,45.566772
37.6157568,-122.4244348,46.831787
37.6155216,-122.4244654,47.773621
37.6152864,-122.4245049,48.789185
37.6150513,-122.4245569,48.668213
37.6148111,-122.4246246,50.106323
37.6145888,-122.4246993,51.349243
37.6143571,-122.4247888,52.813416
37.6141262,-122.4248910,54.046631
37.6139118,-122.4249965,55.281616
37.6136930,-122.4251142,56.555542
37.6134787,-122.4252451,57.430847
37.6132659,-122.4253842,69.072327
37.6130512,-122.4255313,66.465515
37.6128427,-122.4256805,65.644897
37.6126334,-122.4258311,64.596191
37.6124159,-122.4259858,65.153625
37.6122110,-122.4261292,66.112732
37.6119999,-122.4262787,66.968872
37.6117877,-122.4264292,67.726318
37.6115817,-122.4265721,68.692566
37.6113598,-122.4267176,70.011292
37.6111454,-122.4268543,70.949951
37.6109248,-122.4269837,72.118469
37.6106934,-122.4271138,73.067749
37.6104628,-122.4272336,74.139221
37.6102313,-122.4273470,75.209473
37.6099921,-122.4274583,76.307556
37.6097494,-122.4275665,77.506409
37.6095038,-122.4276686,78.698975
37.6092556,-122.4277645,79.595947
37.6090039,-122.4278535,80.961548
37.6087389,-122.4279407,82.026062
37.6084868,-122.4280133,83.283691
37.6082267,-122.4280836,84.493835
37.6079623,-122.4281490,85.681396
37.6077007,-122.4282061,86.929810
37.6074250,-122.4282571,88.334229
37.6071631,-122.4282968,89.361023
37.6068930,-122.4283296,90.458984
37.6066087,-122.4283511,91.741760
37.6063421,-122.4283578,92.773987
37.6060639,-122.4283493,93.967468
37.6057892,-122.4283282,95.128296
37.6055116,-122.4282936,96.257629
37.6052324,-122.4282476,98.084839
37.6049547,-122.4281861,98.986755
37.6046763,-122.4281123,100.004028
37.6043987,-122.4280250,101.188904
37.6041249,-122.4279250,102.401855
37.6038579,-122.4278141,103.603760
37.6035887,-122.4276880,104.749573
37.6033279,-122.4275508,105.460083
37.6030617,-122.4273972,106.664001
37.6028110,-122.4272391,107.824219
37.6025623,-122.4270657,109.233276
37.6023148,-122.4268731,110.573120
37.6020777,-122.4266746,113.514587
37.6018525,-122.4264690,113.955688
37.6016245,-122.4262482,114.483887
37.6014048,-122.4260200,115.071655
37.6011894,-122.4257794,115.963318
37.6009845,-122.4255338,116.485901
37.6007813,-122.4252783,116.911133
37.6005677,-122.4250111,117.569397
37.6003598,-122.4247558,118.109131
37.6001549,-122.4245046,118.526062
37.5999424,-122.4242435,119.015686
37.5997391,-122.4239876,119.602234
37.5995161,-122.4237083,120.173340
37.5993071,-122.4234493,120.622192
37.5990901,-122.4231838,122.207031
37.5988643,-122.4229063,122.315979
37.5986504,-122.4226438,122.425720
37.5984305,-122.4223743,122.631470
37.5982116,-122.4221053,122.693115
37.5979854,-122.4218276,122.667908
37.5977596,-122.4215509,122.483032
37.5975320,-122.4212701,127.808960
37.5973098,-122.4209910,125.608948
37.5970871,-122.4207100,124.283569
37.5968571,-122.4204316,123.614197
37.5966340,-122.4201742,123.190674
37.5963964,-122.4199103,122.716431
37.5961558,-122.4196528,122.401978
37.5959087,-122.4193971,122.095459
37.5956607,-122.4191428,122.045166
37.5954116,-122.4188924,121.964417
37.5951554,-122.4186371,122.170654
37.5949092,-122.4183931,122.266968
37.5946593,-122.4181443,123.102356
37.5944105,-122.4178975,124.060242
37.5941657,-122.4176566,124.962036
37.5939109,-122.4174078,125.811035
37.5936669,-122.4171684,126.634033
37.5934243,-122.4169287,127.650024
37.5931750,-122.4166812,128.762207
37.5929357,-122.4164424,129.652222
37.5927030,-122.4162111,130.748596
37.5924635,-122.4159754,131.813293
37.5922347,-122.4157508,132.815002
37.5919867,-122.4155071,133.994263
37.5917579,-122.4152834,134.951477
37.5915249,-122.4150558,135.936890
37.5912871,-122.4148217,136.927490
37.5910605,-122.4145992,137.749084
37.5908334,-122.4143746,138.708496
37.5906065,-122.4141513,139.643555
37.5903831,-122.4139294,140.588989
37.5901599,-122.4137082,141.498596
37.5899352,-122.4134899,142.227295
37.5897097,-122.4132680,143.247314
37.5894884,-122.4130484,144.244141
37.5892684,-122.4128307,145.132568
37.5890495,-122.4126146,146.202148
37.5888309,-122.4124001,146.702576
37.5886118,-122.4121869,147.342224
37.5883859,-122.4119660,148.043579
37.5881698,-122.4117542,148.853455
37.5879512,-122.4115391,149.806458
37.5877265,-122.4113147,150.716064
37.5875166,-122.4110967,151.314758
37.5873095,-122.4108692,152.050720
37.5871035,-122.4106325,152.759033
37.5869005,-122.4103853,153.402039
37.5866987,-122.4101242,153.907410
37.5865113,-122.4098731,154.194336
37.5863127,-122.4096071,154.644226
37.5861168,-122.4093459,155.292664
37.5859207,-122.4090841,155.906616
37.5857227,-122.4088214,156.925659
37.5855258,-122.4085576,157.442627
37.5853276,-122.4082921,150.504822
37.5851216,-122.4080193,154.009399
37.5849206,-122.4077610,156.257141
37.5847091,-122.4075062,157.737122
37.5844851,-122.4072497,158.563477
37.5842659,-122.4070116,159.308472
37.5840412,-122.4067772,160.682495
37.5838076,-122.4065460,160.862854
37.5835634,-122.4063152,160.880920
37.5833197,-122.4060902,160.780151
37.5830698,-122.4058716,159.887939
37.5828149,-122.4056552,160.293152
37.5825569,-122.4054502,160.038879
37.5822933,-122.4052513,159.624573
37.5820253,-122.4050574,159.251160
37.5817519,-122.4048684,158.971313
37.5814731,-122.4046884,158.354797
37.5811804,-122.4045118,158.026367
37.5809006,-122.4043482,157.494873
37.5806139,-122.4041822,157.073853
37.5803105,-122.4040088,156.592712
37.5800257,-122.4038449,156.333740
37.5797321,-122.4036758,155.747070
37.5794364,-122.4035056,155.258728
37.5791396,-122.4033347,154.855896
37.5788401,-122.4031620,154.373779
37.5785403,-122.4029886,153.481323
37.5782338,-122.4028133,152.600342
37.5779251,-122.4026369,151.635254
37.5776156,-122.4024596,150.283447
37.5773042,-122.4022792,148.876404
37.5769898,-122.4020959,148.027832
37.5766874,-122.4019224,146.512024
37.5763642,-122.4017378,144.841919
37.5760536,-122.4015586,143.339355
37.5757463,-122.4013813,141.793152
37.5754317,-122.4011994,140.277344
37.5751353,-122.4010276,138.818665
37.5748371,-122.4008552,137.488525
37.5745428,-122.4006846,136.345703
37.5742514,-122.4005151,135.590942
37.5739535,-122.4003348,134.982910
37.5736773,-122.4001526,134.507019
37.5733992,-122.3999463,133.906677
37.5731282,-122.3997203,133.658813
37.5728841,-122.3994956,133.356567
37.5726423,-122.3992582,133.019165
37.5724064,-122.3990212,132.623169
37.5721845,-122.3988009,132.526611
37.5719467,-122.3985667,132.503906
37.5717312,-122.3983534,132.665894
37.5715191,-122.3981400,132.840332
37.5713042,-122.3979242,132.926941
37.5711016,-122.3977220,133.009766
37.5708966,-122.3975206,133.010864
37.5706917,-122.3973194,133.064209
37.5704879,-122.3971201,133.071655
37.5702815,-122.3969187,133.110352
37.5700760,-122.3967147,133.193176
37.5698664,-122.3965074,133.453857
37.5696551,-122.3963003,133.452698
37.5694448,-122.3960934,133.751648
37.5692349,-122.3958846,134.216919
37.5690226,-122.3956727,134.915161
37.5688140,-122.3954666,135.830261
37.5685973,-122.3952523,136.850159
37.5683961,-122.3950445,137.856934
37.5681964,-122.3948255,138.709717
37.5679968,-122.3945874,139.449463
37.5678148,-122.3943501,140.179016
37.5676389,-122.3941014,140.792725
37.5674715,-122.3938456,141.608582
37.5673088,-122.3935834,142.410583
37.5671555,-122.3933155,143.244019
37.5670133,-122.3930441,144.710571
37.5668816,-122.3927692,145.085327
37.5667607,-122.3924939,145.469666
37.5666486,-122.3922217,146.060303
37.5665443,-122.3919489,146.738525
37.5664482,-122.3916765,147.253784
37.5663585,-122.3914064,147.705750
37.5662654,-122.3911287,148.244019
37.5661766,-122.3908658,148.673096
37.5660821,-122.3905932,149.211243
37.5659871,-122.3903140,149.719910
37.5658956,-122.3900497,150.264526
37.5657971,-122.3897853,150.695618
37.5656923,-122.3895275,151.291199
37.5655767,-122.3892704,151.890076
37.5654561,-122.3890257,152.381775
37.5653255,-122.3887848,153.211426
37.5651818,-122.3885468,153.984497
37.5650316,-122.3883224,154.560181
37.5648731,-122.3881038,155.077759
37.5647057,-122.3878937,155.513489
37.5645299,-122.3876914,155.909302
37.5643484,-122.3874945,156.425903
37.5641563,-122.3872968,157.041382
37.5639705,-122.3871094,157.400635
37.5637791,-122.3869194,157.524780
37.5635790,-122.3867221,157.582458
37.5633892,-122.3865321,157.664429
37.5631947,-122.3863349,157.842407
37.5629984,-122.3861368,157.944641
37.5628004,-122.3859376,158.000061
37.5626024,-122.3857379,158.067017
37.5624029,-122.3855377,158.092163
37.5621987,-122.3853330,158.318420
37.5619962,-122.3851310,158.296143
37.5617921,-122.3849279,158.402588
37.5615865,-122.3847235,158.482971
37.5613771,-122.3845157,158.601990
37.5611748,-122.3843166,158.825562
37.5609533,-122.3840966,158.813660
37.5607487,-122.3838899,158.968384
37.5605398,-122.3836765,159.242310
37.5603232,-122.3834560,159.732300
37.5601156,-122.3832466,160.432068
37.5599058,-122.3830362,161.523132
37.5596987,-122.3828295,162.626770
37.5594998,-122.3826309,163.809937
37.5592929,-122.3824246,164.972412
37.5590920,-122.3822266,166.022034
37.5588888,-122.3820328,166.984009
37.5586768,-122.3818387,168.146973
37.5584679,-122.3816601,169.231750
37.5582626,-122.3814921,170.185669
37.5580436,-122.3813202,172.010864
37.5578294,-122.3811578,172.546021
37.5575964,-122.3809928,173.207275
37.5573646,-122.3808369,173.722839
37.5571314,-122.3806847,174.256409
37.5568943,-122.3805288,174.389526
37.5566750,-122.3803837,174.521301
37.5564489,-122.3802345,174.479370
37.5562217,-122.3800850,174.594788
37.5559904,-122.3799326,174.603210
37.5557598,-122.3797800,174.362427
37.5555261,-122.3796273,174.132751
37.5552950,-122.3794745,173.730347
37.5550617,-122.3793186,173.410645
37.5548347,-122.3791695,173.401672
37.5546094,-122.3790200,173.736450
37.5543832,-122.3788721,174.017090
37.5541556,-122.3787228,174.494263
37.5539193,-122.3785676,175.167603
37.5536959,-122.3784220,176.084778
37.5534694,-122.3782728,177.017822
37.5532377,-122.3781146,178.050171
37.5530200,-122.3779623,178.756348
37.5528016,-122.3778042,179.221252
37.5525910,-122.3776452,179.735535
37.5523851,-122.3774851,180.260986
37.5521798,-122.3773227,180.589050
37.5519805,-122.3771559,180.954224
37.5517866,-122.3769824,181.155396
37.5515926,-122.3768021,181.086670
37.5514137,-122.3766347,180.951538
37.5512344,-122.3764659,180.715027
37.5510570,-122.3762991,177.171936
37.5508833,-122.3761374,178.357300
37.5507091,-122.3759745,178.861572
37.5505349,-122.3758120,179.036011
37.5503590,-122.3756492,178.760620
37.5501736,-122.3754803,178.606201
37.5499988,-122.3753168,178.159302
37.5498137,-122.3751433,177.703186
37.5496283,-122.3749694,176.816772
37.5494421,-122.3747959,175.905212
37.5492555,-122.3746207,175.020813
37.5490699,-122.3744498,174.230286
37.5488864,-122.3742809,173.182434
37.5487019,-122.3741107,172.366211
37.5485195,-122.3739417,171.500793
37.5483372,-122.3737717,170.586182
37.5481551,-122.3736007,169.701843
37.5479725,-122.3734298,168.809570
37.5477836,-122.3732528,167.862976
37.5476042,-122.3730859,166.846802
37.5474207,-122.3729152,165.759399
37.5472318,-122.3727394,164.675293
37.5470520,-122.3725728,163.750183
37.5468677,-122.3724007,162.987305
37.5466889,-122.3722323,162.073364
37.5465113,-122.3720680,161.235596
37.5463354,-122.3719062,160.394531
37.5461615,-122.3717462,159.736755
37.5459894,-122.3715863,159.000854
37.5458126,-122.3714219,158.282166
37.5456500,-122.3712702,157.604614
37.5454837,-122.3711148,156.959412
37.5453163,-122.3709586,156.375610
37.5451597,-122.3708123,155.789063
37.5449923,-122.3706578,155.023438
37.5448313,-122.3705088,154.394592
37.5446708,-122.3703580,153.573364
37.5445030,-122.3702007,152.819458
37.5443368,-122.3700466,152.234070
37.5441702,-122.3698928,151.710083
37.5439965,-122.3697316,151.207397
37.5438200,-122.3695675,150.564697
37.5436386,-122.3693993,150.001221
37.5434608,-122.3692336,149.587524
37.5432837,-122.3690675,149.275940
37.5430996,-122.3688945,148.779907
37.5429252,-122.3687314,148.377808
37.5427425,-122.3685609,147.843994
37.5425537,-122.3683869,147.322876
37.5423627,-122.3682140,146.789246
37.5421603,-122.3680369,146.309753
37.5419675,-122.3678745,145.763916
37.5417622,-122.3677043,145.262634
37.5415579,-122.3675383,144.714294
37.5413486,-122.3673732,144.129578
37.5411334,-122.3672106,143.652893
37.5409182,-122.3670531,143.150208
37.5407113,-122.3669034,142.781067
37.5404922,-122.3667463,142.165833
37.5402816,-122.3665975,141.641235
37.5400710,-122.3664519,141.082703
37.5398536,-122.3663023,140.372070
37.5396531,-122.3661648,139.729004
37.5394477,-122.3660237,139.003418
37.5392432,-122.3658832,138.166443
37.5390414,-122.3657457,137.427551
37.5388317,-122.3656045,136.512390
37.5386292,-122.3654677,135.512207
37.5384255,-122.3653301,134.454956
37.5382243,-122.3651944,133.259155
37.5380237,-122.3650565,132.365479
37.5378237,-122.3649183,131.544373
37.5376230,-122.3647814,130.580811
37.5374218,-122.3646456,129.614685
37.5372177,-122.3645083,128.664917
37.5370149,-122.3643723,127.742798
37.5368126,-122.3642351,126.679321
37.5366038,-122.3640930,125.781006
37.5364031,-122.3639570,124.846252
37.5361999,-122.3638196,123.864746
37.5359974,-122.3636817,122.906250
37.5358003,-122.3635471,121.853943
37.5355937,-122.3634057,120.778442
37.5353939,-122.3632698,119.775452
37.5351939,-122.3631343,118.778748
37.5349864,-122.3629946,117.687927
37.5347838,-122.3628612,116.801636
37.5345854,-122.3627354,115.791321
37.5343755,-122.3626094,114.632446
37.5341648,-122.3624882,113.463013
37.5339457,-122.3623665,112.434875
37.5337361,-122.3622552,111.552979
37.5335195,-122.3621459,110.662781
37.5332959,-122.3620397,109.705078
37.5330824,-122.3619438,108.822632
37.5328673,-122.3618499,108.143555
37.5326525,-122.3617584,107.380310
37.5324439,-122.3616703,106.665955
37.5322274,-122.3615781,105.803101
37.5320206,-122.3614890,105.056519
37.5318156,-122.3614006,104.270996
37.5316086,-122.3613122,103.360291
37.5314056,-122.3612257,102.707520
37.5312029,-122.3611403,105.517761
37.5309999,-122.3610563,103.622070
37.5307971,-122.3609729,102.217957
37.5305889,-122.3608854,101.070251
37.5303926,-122.3608005,100.025818
37.5301922,-122.3607134,99.087219
37.5299856,-122.3606248,98.081299
37.5297904,-122.3605412,97.263184
37.5295912,-122.3604555,96.438171
37.5293925,-122.3603710,95.777710
37.5291942,-122.3602865,95.009338
37.5289921,-122.3602010,94.385803
37.5287930,-122.3601191,93.617676
37.5285929,-122.3600351,92.873779
37.5283879,-122.3599491,92.443054
37.5281824,-122.3598631,91.977417
37.5279749,-122.3597769,91.863403
37.5277633,-122.3596882,92.290222
37.5275522,-122.3595978,92.556763
37.5273336,-122.3594991,92.755432
37.5271263,-122.3593980,93.011475
37.5269157,-122.3592863,96.109863
37.5266997,-122.3591604,95.346558
37.5264943,-122.3590287,95.096985
37.5262963,-122.3588903,95.436462
37.5260986,-122.3587385,95.669617
37.5259056,-122.3585793,96.092712
37.5257154,-122.3584143,96.551086
37.5255343,-122.3582527,97.069519
37.5253577,-122.3580920,97.687622
37.5251834,-122.3579340,98.142822
37.5250122,-122.3577807,98.574829
37.5248430,-122.3576296,98.936340
37.5246766,-122.3574812,99.379883
37.5245132,-122.3573364,99.697754
37.5243466,-122.3571905,100.130188
37.5241921,-122.3570579,100.432922
37.5240309,-122.3569248,100.839600
37.5238650,-122.3567937,101.069641
37.5237030,-122.3566732,101.438416
37.5235420,-122.3565586,101.627319
37.5233752,-122.3564457,101.757813
37.5232042,-122.3563383,101.929626
37.5230307,-122.3562361,102.088867
37.5228562,-122.3561409,102.482605
37.5226863,-122.3560492,102.811340
37.5225129,-122.3559584,103.089417
37.5223490,-122.3558758,103.322327
37.5221808,-122.3557902,103.492676
37.5220074,-122.3557028,103.742981
37.5218328,-122.3556158,103.865051
37.5216535,-122.3555246,103.938110
37.5214869,-122.3554393,104.141174
37.5213165,-122.3553504,104.327454
37.5211456,-122.3552630,104.615662
37.5209814,-122.3551778,104.919556
37.5208222,-122.3550941,105.145447
37.5206566,-122.3550058,105.165039
37.5204903,-122.3549134,105.331909
37.5203198,-122.3548169,105.466614
37.5201606,-122.3547277,105.627686
37.5200041,-122.3546336,105.698608
37.5198430,-122.3545330,105.844788
37.5196877,-122.3544346,105.764954
37.5195270,-122.3543278,105.936523
37.5193662,-122.3542152,106.137878
37.5192082,-122.3541007,106.315369
37.5190527,-122.3539862,106.401611
37.5188999,-122.3538713,106.569458
37.5187482,-122.3537544,106.684753
37.5185919,-122.3536316,106.718262
37.5184438,-122.3535109,106.728821
37.5182908,-122.3533806,106.741943
37.5181369,-122.3532441,106.531555
37.5179820,-122.3531069,106.527893
37.5178207,-122.3529619,106.505310
37.5176675,-122.3528204,106.403198
37.5175135,-122.3526743,106.261169
37.5173583,-122.3525200,105.984558
37.5172146,-122.3523705,105.735535
37.5170687,-122.3522133,105.410034
37.5169213,-122.3520520,104.980835
37.5167709,-122.3518893,104.517517
37.5166171,-122.3517243,103.927612
37.5164642,-122.3515611,106.529541
37.5163104,-122.3513980,104.999939
37.5161523,-122.3512294,103.400024
37.5160048,-122.3510715,102.563416
37.5158512,-122.3509066,101.801636
37.5156930,-122.3507387,101.126038
37.5155360,-122.3505697,100.312439
37.5153758,-122.3503968,99.622437
37.5152292,-122.3502352,99.005676
37.5150734,-122.3500663,98.319763
37.5149085,-122.3498916,97.633545
37.5147434,-122.3497188,96.983582
37.5145784,-122.3495448,96.162842
37.5144067,-122.3493624,100.244263
37.5142321,-122.3491748,97.760681
37.5140509,-122.3489791,95.077759
37.5138697,-122.3487821,93.921387
37.5136877,-122.3485826,93.089050
37.5134975,-122.3483741,95.803345
37.5133069,-122.3481661,93.715027
37.5131121,-122.3479540,92.144653
37.5129159,-122.3477370,90.871826
37.5127213,-122.3475183,89.947998
37.5125186,-122.3472838,89.163086
37.5123229,-122.3470525,88.526001
37.5121249,-122.3468156,87.983459
37.5119299,-122.3465775,87.713440
37.5117356,-122.3463339,87.620789
37.5115426,-122.3460864,87.837280
37.5113502,-122.3458308,87.973511
37.5111652,-122.3455847,88.260315
37.5109701,-122.3453200,92.760681
37.5107821,-122.3450609,91.595154
37.5105963,-122.3447978,91.181030
37.5104039,-122.3445192,90.935913
37.5102268,-122.3442580,90.955322
37.5100441,-122.3439849,91.231384
37.5098627,-122.3437085,91.528320
37.5096813,-122.3434254,91.853027
37.5095010,-122.3431380,92.159119
37.5093251,-122.3428515,92.342102
37.5091493,-122.3425622,92.493835
37.5089714,-122.3422689,92.619568
37.5087958,-122.3419776,92.677368
37.5086189,-122.3416857,92.695740
37.5084422,-122.3413929,92.660889
37.5082674,-122.3411049,92.499573
37.5080814,-122.3408009,92.228760
37.5079002,-122.3405040,91.958618
37.5077164,-122.3402018,91.681152
37.5075313,-122.3398990,91.198242
37.5073429,-122.3396025,90.817810
37.5071584,-122.3392999,90.183838
37.5069740,-122.3389962,89.376160
37.5067950,-122.3386990,88.637817
37.5066051,-122.3383888,87.960938
37.5064260,-122.3380940,87.376221
37.5062501,-122.3378062,86.876770
37.5060734,-122.3375159,86.584534
37.5059106,-122.3372488,86.189819
37.5057495,-122.3369855,85.972412
37.5055931,-122.3367304,85.851440
37.5054384,-122.3364785,85.847839
37.5052864,-122.3362338,85.967163
37.5051353,-122.3359955,85.904297
37.5049837,-122.3357613,85.842529
37.5048290,-122.3355278,86.153931
37.5046862,-122.3353148,86.071899
37.5045411,-122.3350985,86.232117
37.5043961,-122.3348861,86.191650
37.5042509,-122.3346784,86.226257
37.5041043,-122.3344667,86.392761
37.5039661,-122.3342673,86.221924
37.5038274,-122.3340689,86.386108
37.5036880,-122.3338692,86.377380
37.5035542,-122.3336775,86.537476
37.5034172,-122.3334818,86.581360
37.5032778,-122.3332860,86.524902
37.5031369,-122.3330864,86.489502
37.5029914,-122.3328828,86.470520
37.5028471,-122.3326782,86.636169
37.5027002,-122.3324694,86.951721
37.5025494,-122.3322549,87.282043
37.5023974,-122.3320375,87.716248
37.5022447,-122.3318157,88.470459
37.5020908,-122.3315847,88.901733
37.5019465,-122.3313561,89.437439
37.5017987,-122.3311023,89.946167
37.5016606,-122.3308474,90.300293
37.5015282,-122.3305870,90.966003
37.5013994,-122.3303174,101.139038
37.5012781,-122.3300446,98.175964
37.5011633,-122.3297653,97.021973
37.5010532,-122.3294792,96.603271
37.5009497,-122.3291873,96.738708
37.5008510,-122.3288873,97.118958
37.5007610,-122.3285849,97.490479
37.5006768,-122.3282766,97.954712
37.5005962,-122.3279499,98.527344
37.5005279,-122.3276419,99.175537
37.5004655,-122.3273184,99.909668
37.5004120,-122.3269891,100.587891
37.5003664,-122.3266530,101.353455
37.5003284,-122.3263170,101.951782
37.5002984,-122.3259778,102.693176
37.5002767,-122.3256314,103.590454
37.5002640,-122.3252906,104.389648
37.5002579,-122.3249489,105.093994
37.5002539,-122.3246028,105.797363
37.5002524,-122.3242615,106.469116
37.5002521,-122.3239354,107.035461
37.5002509,-122.3235928,107.729553
37.5002457,-122.3232627,108.187073
37.5002387,-122.3229439,108.816406
37.5002266,-122.3226217,109.650696
37.5002101,-122.3223239,110.566833
37.5001870,-122.3220250,111.214600
37.5001559,-122.3217314,111.965027
37.5001202,-122.3214413,112.564941
37.5000801,-122.3211520,113.148682
37.5000343,-122.3208612,113.870483
37.4999834,-122.3205745,114.375793
37.4999260,-122.3202800,115.217651
37.4998672,-122.3200057,116.088196
37.4997995,-122.3197236,116.887085
37.4997241,-122.3194407,117.622864
37.4996437,-122.3191624,118.359070
37.4995546,-122.3188768,118.977966
37.4994636,-122.3186093,119.585144
37.4993659,-122.3183382,120.094727
37.4992597,-122.3180609,120.913025
37.4991549,-122.3178017,121.814941
37.4990417,-122.3175397,122.558960
37.4989232,-122.3172818,123.189331
37.4988016,-122.3170267,123.877014
37.4986729,-122.3167709,124.717285
37.4985423,-122.3165252,127.399353
37.4984087,-122.3162840,127.255310
37.4982689,-122.3160354,127.539063
37.4981274,-122.3157873,131.539673
37.4979831,-122.3155352,130.699768
37.4978360,-122.3152766,130.604004
37.4976951,-122.3150245,130.921570
37.4975450,-122.3147523,131.538818
37.4974015,-122.3144903,132.235596
37.4972567,-122.3142263,132.995911
37.4971137,-122.3139663,133.706726
37.4969725,-122.3137039,134.359619
37.4968362,-122.3134426,134.904663
37.4967062,-122.3131779,135.589600
37.4965870,-122.3129237,136.300659
37.4964631,-122.3126514,137.139954
37.4963466,-122.3123840,137.989258
37.4962350,-122.3121141,138.945618
37.4961233,-122.3118326,139.708252
37.4960205,-122.3115622,140.620544
37.4959163,-122.3112792,141.510559
37.4958149,-122.3109893,142.451172
37.4957150,-122.3106887,143.404907
37.4956207,-122.3103842,144.371338
37.4955306,-122.3100742,145.412903
37.4954425,-122.3097553,146.518433
37.4953559,-122.3094245,147.585632
37.4952756,-122.3091025,148.598816
37.4951999,-122.3087913,149.596619
37.4951233,-122.3084783,150.461670
37.4950494,-122.3081779,151.330933
37.4949731,-122.3078690,152.279968
37.4949006,-122.3075750,153.357300
37.4948278,-122.3072793,154.558350
37.4947538,-122.3069747,155.759644
37.4946840,-122.3066874,156.807739
37.4946129,-122.3063947,157.807373
37.4945432,-122.3061014,158.876038
37.4944747,-122.3058142,160.006470
37.4943999,-122.3055111,161.147827
37.4943198,-122.3052194,162.268250
37.4942299,-122.3049313,163.298828
37.4941318,-122.3046456,164.381287
37.4940297,-122.3043715,165.471375
37.4939239,-122.3041038,166.472534
37.4938135,-122.3038398,167.377563
37.4936987,-122.3035850,168.255371
37.4935719,-122.3033209,169.023865
37.4934415,-122.3030702,169.770264
37.4933045,-122.3028234,170.450806
37.4931546,-122.3025716,171.049255
37.4930053,-122.3023365,171.581421
37.4928478,-122.3021049,172.053101
37.4926874,-122.3018815,172.409302
37.4925233,-122.3016622,172.804688
37.4923512,-122.3014445,173.136475
37.4921739,-122.3012344,173.419678
37.4919891,-122.3010305,173.620850
37.4917893,-122.3008242,173.720581
37.4915970,-122.3006390,173.796997
37.4913923,-122.3004537,173.893677
37.4911823,-122.3002744,173.668701
37.4909728,-122.3001047,173.538696
37.4907590,-122.2999424,173.269409
37.4905398,-122.2997910,173.034241
37.4903158,-122.2996472,172.750916
37.4900851,-122.2995113,172.584717
37.4898610,-122.2993890,174.353577
37.4896419,-122.2992782,173.411987
37.4894161,-122.2991726,172.689331
37.4891872,-122.2990765,172.065613
37.4889510,-122.2989890,171.748413
37.4887254,-122.2989147,171.524658
37.4884927,-122.2988460,171.292847
37.4882492,-122.2987817,170.965454
37.4880154,-122.2987289,170.705872
37.4877743,-122.2986823,170.463440
37.4875309,-122.2986433,170.181641
37.4872824,-122.2986134,169.898926
37.4870346,-122.2985942,169.672241
37.4867855,-122.2985890,169.438660
37.4865354,-122.2985944,169.133545
37.4862796,-122.2986089,168.926697
37.4860378,-122.2986281,168.637817
37.4857863,-122.2986553,168.375610
37.4855313,-122.2986905,168.242432
37.4852808,-122.2987301,168.033508
37.4850246,-122.2987724,167.875366
37.4847844,-122.2988124,167.726685
37.4845423,-122.2988522,167.420776
37.4842952,-122.2988920,167.314331
37.4840643,-122.2989291,167.178955
37.4838298,-122.2989685,167.055664
37.4835967,-122.2990083,166.933350
37.4833646,-122.2990479,166.797485
37.4831301,-122.2990867,166.659729
37.4828975,-122.2991249,166.588379
37.4826643,-122.2991630,166.416687
37.4824236,-122.2992032,166.328979
37.4822040,-122.2992397,166.182495
37.4819799,-122.2992772,166.056458
37.4817556,-122.2993124,165.878784
37.4815273,-122.2993499,165.780273
37.4812981,-122.2993884,165.695313
37.4810663,-122.2994272,165.583252
37.4808296,-122.2994656,165.412964
37.4805852,-122.2995055,165.223328
37.4803537,-122.2995446,165.142944
37.4801103,-122.2995858,165.227295
37.4798671,-122.2996254,165.340332
37.4796206,-122.2996628,165.529785
37.4793618,-122.2996956,165.512573
37.4791122,-122.2997187,165.269653
37.4788528,-122.2997327,165.115662
37.4785817,-122.2997356,165.043152
37.4783224,-122.2997289,164.840515
37.4780545,-122.2997104,164.512817
37.4777849,-122.2996794,164.252502
37.4775110,-122.2996367,163.777832
37.4772402,-122.2995839,163.438232
37.4769731,-122.2995206,163.039185
37.4767083,-122.2994494,162.377075
37.4764326,-122.2993634,162.073120
37.4761772,-122.2992708,161.463013
37.4759127,-122.2991637,160.995605
37.4756469,-122.2990450,160.394958
37.4753863,-122.2989156,160.610107
37.4751232,-122.2987713,159.556580
37.4748799,-122.2986220,158.667969
37.4746371,-122.2984603,157.886108
37.4743895,-122.2982836,157.193481
37.4741550,-122.2981041,156.554810
37.4739333,-122.2979207,155.985718
37.4737152,-122.2977233,155.029724
37.4735035,-122.2975199,154.402893
37.4732940,-122.2973108,153.845825
37.4730904,-122.2970998,152.831787
37.4728918,-122.2968868,151.770264
37.4726857,-122.2966654,150.677612
37.4724938,-122.2964607,150.057129
37.4722963,-122.2962500,149.615112
37.4720986,-122.2960380,148.930420
37.4719035,-122.2958294,148.274780
37.4717086,-122.2956212,147.458313
37.4715138,-122.2954124,146.750732
37.4713155,-122.2951989,146.138306
37.4711124,-122.2949795,145.578186
37.4709226,-122.2947750,145.212524
37.4707270,-122.2945640,144.743530
37.4705344,-122.2943567,144.181152
37.4703394,-122.2941513,143.816284
37.4701401,-122.2939479,143.298340
37.4699419,-122.2937508,142.886414
37.4697415,-122.2935599,142.375610
37.4695332,-122.2933735,142.157959
37.4693331,-122.2932076,141.960449
37.4689200,-122.2928866,141.469604
37.4687060,-122.2927316,141.217041
37.4684935,-122.2925851,141.001038
37.4682798,-122.2924466,140.726685
37.4680627,-122.2923158,140.496765
37.4678372,-122.2921895,140.205322
37.4676224,-122.2920752,139.977722
37.4673955,-122.2919624,139.697388
37.4671614,-122.2918552,139.466309
37.4669258,-122.2917529,139.290283
37.4666792,-122.2916515,139.008240
37.4664420,-122.2915592,138.813110
37.4661971,-122.2914730,138.434998
37.4659445,-122.2913936,138.141113
37.4657053,-122.2913260,137.877563
37.4654588,-122.2912628,138.384033
37.4652074,-122.2912071,137.919250
37.4649582,-122.2911608,137.444092
37.4646903,-122.2911218,137.083679
37.4644290,-122.2910934,136.709045
37.4641660,-122.2910727,136.324036
37.4638999,-122.2910583,135.909424
37.4636505,-122.2910460,135.535767
37.4633983,-122.2910333,135.077881
37.4631480,-122.2910246,134.550537
37.4629028,-122.2910167,134.075806
37.4626430,-122.2910081,133.544922
37.4623928,-122.2909974,133.255127
37.4621495,-122.2909871,132.994507
37.4618934,-122.2909764,132.899780
37.4616432,-122.2909638,132.676208
37.4613856,-122.2909412,132.300293
37.4611315,-122.2909119,131.378784
37.4608880,-122.2908689,130.771851
37.4606294,-122.2908158,130.226990
37.4603788,-122.2907531,129.752563
37.4601333,-122.2906845,129.370239
37.4598899,-122.2906069,128.539734
37.4596621,-122.2905244,128.019470
37.4594404,-122.2904360,127.443909
37.4592279,-122.2903444,127.049011
37.4590195,-122.2902464,126.581055
37.4588175,-122.2901419,126.105164
37.4586196,-122.2900315,125.632080
37.4584231,-122.2899157,125.162842
37.4582179,-122.2897868,124.677002
37.4580271,-122.2896585,124.168091
37.4578288,-122.2895159,123.800354
37.4576287,-122.2893609,123.296082
37.4574317,-122.2891962,122.849915
37.4572346,-122.2890218,122.431763
37.4570389,-122.2888380,122.218628
37.4568412,-122.2886436,122.108398
37.4566409,-122.2884371,122.042786
37.4564535,-122.2882345,122.174438
37.4562661,-122.2880186,122.353882
37.4560857,-122.2877930,122.664368
37.4559156,-122.2875636,122.904419
37.4557415,-122.2873143,123.262085
37.4555741,-122.2870643,123.557983
37.4554103,-122.2868124,123.895996
37.4552409,-122.2865518,124.284363
37.4550821,-122.2863082,124.745239
37.4549240,-122.2860654,125.246277
37.4547685,-122.2858289,125.946411
37.4546187,-122.2856015,126.559021
37.4544601,-122.2853624,127.150574
37.4543072,-122.2851287,127.703735
37.4541553,-122.2848998,128.258545
37.4539959,-122.2846576,128.821472
37.4538425,-122.2844277,129.357117
37.4536903,-122.2841975,130.063477
37.4535385,-122.2839645,130.590271
37.4533876,-122.2837346,131.230591
37.4532304,-122.2834970,131.818420
37.4530815,-122.2832700,132.149963
37.4529285,-122.2830369,132.677612
37.4527702,-122.2827976,133.133545
37.4526216,-122.2825728,133.603699
37.4524725,-122.2823464,133.862305
37.4523229,-122.2821193,134.164795
37.4521726,-122.2818905,134.372498
37.4520189,-122.2816574,134.665894
37.4518654,-122.2814246,134.986633
37.4517114,-122.2811895,135.169861
37.4515495,-122.2809430,135.392334
37.4513982,-122.2807123,135.462097
37.4512410,-122.2804725,135.469299
37.4510810,-122.2802288,135.575623
37.4509211,-122.2799851,135.506531
37.4507586,-122.2797366,135.434387
37.4505968,-122.2794884,135.364624
37.4504350,-122.2792415,135.222717
37.4502696,-122.2789917,135.103882
37.4501036,-122.2787433,134.754517
37.4499350,-122.2784861,134.464783
37.4497664,-122.2782271,133.696106
37.4496017,-122.2779742,133.326477
37.4494244,-122.2777054,114.709839
37.4492519,-122.2774458,121.051697
37.4490802,-122.2771910,123.992004
37.4489018,-122.2769280,125.452393
37.4487307,-122.2766776,126.087646
37.4485551,-122.2764226,126.266968
37.4483795,-122.2761685,131.102173
37.4482076,-122.2759209,129.266968
37.4480265,-122.2756616,127.968445
37.4478515,-122.2754121,126.694397
37.4476776,-122.2751636,125.658875
37.4475026,-122.2749127,124.651367
37.4473309,-122.2746661,123.681519
37.4471614,-122.2744234,122.845459
37.4469882,-122.2741756,121.950378
37.4468237,-122.2739428,121.290405
37.4466515,-122.2736978,120.581238
37.4464840,-122.2734587,120.066284
37.4463205,-122.2732253,119.752808
37.4461551,-122.2729882,122.045715
37.4459990,-122.2727635,120.883850
37.4458490,-122.2725463,120.301025
37.4456966,-122.2723223,119.802795
37.4455439,-122.2720921,119.596680
37.4453955,-122.2718494,119.401245
37.4452557,-122.2716034,119.368408
37.4451219,-122.2713544,119.308594
37.4449879,-122.2710954,104.659546
37.4448701,-122.2708530,110.143616
37.4447514,-122.2705986,113.310669
37.4446360,-122.2703393,120.702759
37.4445243,-122.2700717,120.653687
37.4444183,-122.2698021,118.647644
37.4443196,-122.2695279,119.535828
37.4442279,-122.2692500,121.612915
37.4441380,-122.2689614,121.701355
37.4440587,-122.2686858,122.049500
37.4439816,-122.2683926,122.366638
37.4439085,-122.2680974,126.881653
37.4438403,-122.2678051,122.838013
37.4437725,-122.2674898,123.118530
37.4437131,-122.2671779,123.461182
37.4436600,-122.2668567,123.851257
37.4436153,-122.2665323,124.185181
37.4435775,-122.2661980,124.424561
37.4435471,-122.2658616,124.764465
37.4435228,-122.2655214,124.889893
37.4435060,-122.2651877,125.188354
37.4434971,-122.2648239,125.228088
37.4434948,-122.2644701,125.287170
37.4435002,-122.2641144,125.351074
37.4435143,-122.2637536,125.098267
37.4435396,-122.2633984,125.182983
37.4435717,-122.2630463,124.886780
37.4436104,-122.2626856,124.561707
37.4436492,-122.2623293,124.239014
37.4436889,-122.2619763,123.957581
37.4437282,-122.2616269,123.665649
37.4437657,-122.2612781,123.441284
37.4438035,-122.2609264,123.256470
37.4438387,-122.2605994,123.159546
37.4438750,-122.2602638,122.805908
37.4439089,-122.2599351,122.434448
37.4439396,-122.2596096,122.081299
37.4439665,-122.2592820,121.636963
37.4439856,-122.2589544,121.219849
37.4439946,-122.2586280,120.700867
37.4439915,-122.2582957,118.100098
37.4439811,-122.2579807,118.255737
37.4439628,-122.2576587,117.908447
37.4439373,-122.2573390,117.490479
37.4439041,-122.2570170,116.788025
37.4438630,-122.2567000,115.876221
37.4438134,-122.2563858,114.809021
37.4437554,-122.2560714,113.877808
37.4436873,-122.2557532,112.752747
37.4436151,-122.2554545,111.767151
37.4435343,-122.2551526,110.632385
37.4434465,-122.2548532,109.528503
37.4433541,-122.2545642,108.296692
37.4432505,-122.2542626,107.212891
37.4431432,-122.2539736,105.930359
37.4430258,-122.2536870,104.964966
37.4429020,-122.2534091,103.791138
37.4427712,-122.2531351,102.760681
37.4426322,-122.2528645,101.536987
37.4424866,-122.2526030,100.357239
37.4423392,-122.2523552,99.289001
37.4421746,-122.2520942,98.041443
37.4420099,-122.2518502,96.845459
37.4418396,-122.2516117,95.551270
37.4416654,-122.2513735,94.603577
37.4414894,-122.2511423,93.663086
37.4413123,-122.2509125,92.572021
37.4411357,-122.2506837,91.382263
37.4409627,-122.2504590,90.397705
37.4407812,-122.2502220,89.204407
37.4406039,-122.2499918,88.062012
37.4404310,-122.2497671,87.009827
37.4402482,-122.2495291,85.902283
37.4400704,-122.2492988,84.873535
37.4398914,-122.2490664,83.851440
37.4397125,-122.2488347,82.748779
37.4395309,-122.2486041,81.578125
37.4393393,-122.2483620,80.261963
37.4391551,-122.2481293,79.093872
37.4389686,-122.2478956,78.032837
37.4387735,-122.2476527,76.789917
37.4385849,-122.2474221,75.628723
37.4383952,-122.2471901,74.555969
37.4382057,-122.2469580,73.554932
37.4380215,-122.2467340,72.267090
37.4378277,-122.2464988,68.178833
37.4376384,-122.2462719,68.328186
37.4374493,-122.2460444,67.668518
37.4372513,-122.2458081,66.795105
37.4370682,-122.2455881,65.723450
37.4368787,-122.2453609,64.732605
37.4366875,-122.2451317,63.725708
37.4364979,-122.2449065,62.919861
37.4363093,-122.2446818,62.349609
37.4361197,-122.2444566,61.905518
37.4359336,-122.2442362,61.515076
37.4357476,-122.2440171,61.271179
37.4355657,-122.2438038,63.566772
37.4353848,-122.2435904,62.647583
37.4352087,-122.2433825,62.070068
37.4350394,-122.2431822,62.125000
37.4348555,-122.2429651,62.527832
37.4346787,-122.2427553,62.902527
37.4344996,-122.2425432,63.307373
37.4343206,-122.2423287,63.894287
37.4341393,-122.2421108,64.392944
37.4339576,-122.2418947,64.936340
37.4337764,-122.2416799,64.976685
37.4335959,-122.2414653,65.649048
37.4334077,-122.2412408,66.348267
37.4332239,-122.2410216,67.014893
37.4330365,-122.2407993,67.566284
37.4328424,-122.2405705,68.040649
37.4326571,-122.2403533,68.581238
37.4324639,-122.2401256,69.030029
37.4322674,-122.2398920,69.368713
37.4320707,-122.2396554,69.976135
37.4318711,-122.2394170,70.220703
37.4316676,-122.2391707,70.441650
37.4314648,-122.2389216,70.457581
37.4312612,-122.2386631,70.612427
37.4310596,-122.2384017,70.338196
37.4308572,-122.2381328,70.205505
37.4306585,-122.2378605,70.207458
37.4304672,-122.2375940,69.855774
37.4302594,-122.2373058,69.249756
37.4300582,-122.2370279,69.089172
37.4298582,-122.2367511,68.668457
37.4296543,-122.2364677,68.147278
37.4294524,-122.2361861,67.405640
37.4292480,-122.2359039,66.771240
37.4290424,-122.2356209,65.810059
37.4288343,-122.2353337,64.941772
37.4286297,-122.2350500,63.948608
37.4284287,-122.2347659,62.912170
37.4282269,-122.2344851,61.854309
37.4280231,-122.2342044,60.449829
37.4278323,-122.2339443,59.177124
37.4276402,-122.2336843,57.826538
37.4274482,-122.2334276,56.588806
37.4272666,-122.2331832,55.317017
37.4270745,-122.2329237,54.104492
37.4268863,-122.2326730,52.858704
37.4266997,-122.2324259,51.671204
37.4265130,-122.2321796,50.485291
37.4263235,-122.2319337,49.147827
37.4261347,-122.2316891,47.933411
37.4259458,-122.2314452,46.946960
37.4257559,-122.2311989,46.161255
37.4255671,-122.2309500,45.449280
37.4253798,-122.2307056,44.882813
37.4251924,-122.2304605,48.975403
37.4249989,-122.2302031,47.012207
37.4248219,-122.2299614,45.923523
37.4246415,-122.2297095,45.457275
37.4244633,-122.2294560,45.317566
37.4242838,-122.2291991,45.188049
37.4241064,-122.2289442,47.443604
37.4239274,-122.2286880,46.885559
37.4237514,-122.2284355,50.390503
37.4235760,-122.2281836,49.528076
37.4234041,-122.2279368,49.451843
37.4232309,-122.2276877,49.882751
37.4230617,-122.2274439,50.406616
37.4229027,-122.2272110,50.929688
37.4227360,-122.2269661,51.554199
37.4225731,-122.2267273,52.065308
37.4224109,-122.2264915,52.580139
37.4222442,-122.2262513,53.306396
37.4220826,-122.2260194,53.743530
37.4219210,-122.2257847,54.080444
37.4217576,-122.2255468,53.503113
37.4215954,-122.2253117,54.141968
37.4214216,-122.2250609,54.679443
37.4212510,-122.2248152,57.080994
37.4210785,-122.2245667,56.700745
37.4208967,-122.2243046,56.506653
37.4207259,-122.2240592,56.395752
37.4205491,-122.2238037,56.813904
37.4203716,-122.2235412,57.200806
37.4202006,-122.2232762,57.230164
37.4200359,-122.2229998,57.659912
37.4198777,-122.2227115,57.885742
37.4197284,-122.2224182,58.156006
37.4195857,-122.2221115,58.409607
37.4194542,-122.2218018,58.667664
37.4193344,-122.2214855,58.854309
37.4192263,-122.2211673,59.097961
37.4191305,-122.2208541,59.299866
37.4190378,-122.2205109,59.622559
37.4189596,-122.2201750,59.828857
37.4188921,-122.2198327,60.095581
37.4188317,-122.2194789,59.997925
37.4187779,-122.2191307,59.834961
37.4187265,-122.2187834,59.981445
37.4186764,-122.2184293,59.919434
37.4186254,-122.2180824,60.028870
37.4185720,-122.2177189,60.320801
37.4185201,-122.2173734,60.616333
37.4184690,-122.2170285,60.887817
37.4184178,-122.2166759,61.110168
37.4183709,-122.2163470,61.175110
37.4183163,-122.2160111,61.014832
37.4182527,-122.2156763,61.099731
37.4181807,-122.2153473,60.326599
37.4180978,-122.2150214,60.864441
37.4180028,-122.2146980,61.231384
37.4179020,-122.2143896,61.680664
37.4177865,-122.2140704,62.124512
37.4176641,-122.2137685,62.259155
37.4175302,-122.2134716,62.382507
37.4173901,-122.2131824,62.528015
37.4172458,-122.2129076,62.785583
37.4170797,-122.2126202,63.139465
37.4169091,-122.2123531,63.515686
37.4167324,-122.2120976,64.095093
37.4165436,-122.2118449,64.652771
37.4163471,-122.2116068,65.006348
37.4161445,-122.2113778,65.389465
37.4159372,-122.2111611,65.776306
37.4157270,-122.2109464,65.772705
37.4155168,-122.2107353,65.752747
37.4153064,-122.2105210,65.834290
37.4150946,-122.2103030,65.748413
37.4148825,-122.2100845,65.784180
37.4146732,-122.2098686,65.641663
37.4144675,-122.2096458,65.303284
37.4142673,-122.2094089,64.611023
37.4140829,-122.2091751,62.847778
37.4138967,-122.2089160,62.403076
37.4137250,-122.2086533,61.703308
37.4135649,-122.2083893,60.649048
37.4134057,-122.2081095,59.589783
37.4132646,-122.2078378,58.530457
37.4131264,-122.2075561,57.420837
37.4129979,-122.2072704,56.368774
37.4128794,-122.2069798,55.368164
37.4127679,-122.2066836,54.096924
37.4126659,-122.2063832,52.850159
37.4125700,-122.2060856,51.438477
37.4124750,-122.2057844,50.152588
37.4123819,-122.2054848,49.016296
37.4122875,-122.2051827,47.876099
37.4121917,-122.2048787,46.880859
37.4120949,-122.2045713,45.782043
37.4119913,-122.2042479,44.558472
37.4118882,-122.2039276,43.394836
37.4117823,-122.2035989,42.185120
37.4116743,-122.2032606,41.022400
37.4115741,-122.2029433,39.957397
37.4114688,-122.2026146,38.764404
37.4113644,-122.2022907,37.532166
37.4112628,-122.2019780,36.465759
37.4111569,-122.2016491,35.320984
37.4110552,-122.2013306,34.499573
37.4109573,-122.2010176,33.971985
37.4108594,-122.2007095,33.482117
37.4107629,-122.2004054,33.263062
37.4106657,-122.2001077,33.041748
37.4105713,-122.1998140,32.994141
37.4104780,-122.1995262,33.095764
37.4103858,-122.1992401,33.295654
37.4102970,-122.1989610,33.111389
37.4102104,-122.1986843,33.495544
37.4101224,-122.1984035,33.660645
37.4100348,-122.1981215,33.935669
37.4099469,-122.1978414,34.076172
37.4098574,-122.1975584,34.052002
37.4097687,-122.1972786,34.321472
37.4096734,-122.1969784,34.402161
37.4095803,-122.1966858,34.542908
37.4094858,-122.1963909,34.721375
37.4093833,-122.1960694,34.910461
37.4092863,-122.1957689,34.991882
37.4091839,-122.1954516,35.084717
37.4090771,-122.1951249,35.334045
37.4089696,-122.1947947,35.330261
37.4088580,-122.1944482,35.637390
37.4087518,-122.1941138,35.623108
37.4086423,-122.1937665,35.954163
37.4085304,-122.1934126,36.252869
37.4084173,-122.1930599,36.903564
37.4082998,-122.1927021,37.462463
37.4081781,-122.1923559,38.065002
37.4080538,-122.1920337,44.717468
37.4079112,-122.1916985,41.312622
37.4077667,-122.1913863,41.668518
37.4076180,-122.1910860,42.412537
37.4074613,-122.1907887,43.172974
37.4073045,-122.1905138,44.049927
37.4071437,-122.1902491,44.963989
37.4069791,-122.1899954,45.780334
37.4068140,-122.1897571,46.735840
37.4066488,-122.1895328,47.734070
37.4064816,-122.1893174,48.322021
37.4063088,-122.1891080,49.198608
37.4061260,-122.1889028,49.982605
37.4059484,-122.1887168,50.697815
37.4057625,-122.1885337,51.683472
37.4055722,-122.1883542,52.501709
37.4053877,-122.1881840,53.399536
37.4051901,-122.1880026,54.190674
37.4049950,-122.1878229,54.851318
37.4048006,-122.1876425,55.698547
37.4046051,-122.1874597,56.259338
37.4044064,-122.1872740,56.895752
37.4042094,-122.1870904,57.478394
37.4040091,-122.1869046,58.009949
37.4038117,-122.1867213,58.619568
37.4036019,-122.1865237,59.005310
37.4033987,-122.1863300,59.273987
37.4031990,-122.1861364,59.632141
37.4029912,-122.1859317,59.933472
37.4027985,-122.1857405,60.171204
37.4025961,-122.1855404,60.319519
37.4023970,-122.1853405,60.559021
37.4022033,-122.1851448,60.845154
37.4019983,-122.1849384,60.929626
37.4017971,-122.1847406,61.290100
37.4016012,-122.1845457,61.339539
37.4013932,-122.1843384,61.533875
37.4011937,-122.1841390,61.811035
37.4009897,-122.1839329,62.064636
37.4007944,-122.1837336,62.425659
37.4006004,-122.1835339,62.907166
37.4004062,-122.1833345,63.336487
37.4002148,-122.1831376,63.760254
37.4000239,-122.1829417,64.299683
37.3998315,-122.1827462,65.085693
37.3996416,-122.1825544,65.786987
37.3994520,-122.1823607,66.480103
37.3992648,-122.1821696,67.103210
37.3990829,-122.1819837,67.891052
37.3988919,-122.1817888,68.603760
37.3987071,-122.1816028,69.466187
37.3985252,-122.1814185,70.175354
37.3983398,-122.1812305,70.945740
37.3981627,-122.1810511,71.622742
37.3979870,-122.1808730,72.362671
37.3978082,-122.1806937,73.092407
37.3976290,-122.1805160,73.798401
37.3974485,-122.1803352,74.452087
37.3972661,-122.1801493,75.195190
37.3970886,-122.1799662,75.751099
37.3969002,-122.1797707,76.426636
37.3967156,-122.1795811,76.876953
37.3965275,-122.1793897,77.344299
37.3963406,-122.1791986,77.573853
37.3961529,-122.1790064,77.752380
37.3959593,-122.1788094,77.979431
37.3957643,-122.1786128,78.060547
37.3955666,-122.1784136,78.098450
37.3953600,-122.1782047,77.969360
37.3951674,-122.1780053,77.815308
37.3949691,-122.1778020,77.611816
37.3947739,-122.1776038,74.037170
37.3945833,-122.1774082,75.040283
37.3943849,-122.1771948,75.200378
37.3941940,-122.1769783,75.126343
37.3940091,-122.1767541,74.335327
37.3938212,-122.1765065,73.918152
37.3936525,-122.1762636,73.173645
37.3934838,-122.1760026,72.254578
37.3933193,-122.1757287,71.043579
37.3931648,-122.1754456,69.931335
37.3930151,-122.1751484,68.607056
37.3928736,-122.1748437,67.400452
37.3927432,-122.1745368,66.280884
37.3926172,-122.1742043,65.168701
37.3925052,-122.1738756,64.012024
37.3924007,-122.1735275,58.238220
37.3923103,-122.1731810,58.855042
37.3922314,-122.1728270,58.598267
37.3921626,-122.1724595,57.885864
37.3921085,-122.1721109,57.043945
37.3920643,-122.1717507,56.098022
37.3920304,-122.1713934,54.835815
37.3920068,-122.1710340,53.374268
37.3919846,-122.1706819,51.985291
37.3919660,-122.1703409,50.836121
37.3919469,-122.1700170,49.756226
37.3919262,-122.1696862,52.382935
37.3919071,-122.1693772,49.869934
37.3918816,-122.1690750,47.955872
37.3918423,-122.1687635,46.444885
37.3917905,-122.1684758,44.854614
37.3917225,-122.1681878,43.301758
37.3916404,-122.1679141,41.899841
37.3915452,-122.1676399,40.683594
37.3914421,-122.1673645,39.724426
37.3913384,-122.1670978,38.942810
37.3912312,-122.1668330,38.334412
37.3911155,-122.1665734,37.561829
37.3909970,-122.1663455,37.390442
37.3908622,-122.1661278,37.274963
37.3907250,-122.1659316,37.496094
37.3905843,-122.1657384,38.041138
37.3904463,-122.1655467,38.781799
37.3903111,-122.1653733,38.891602
37.3901701,-122.1652239,38.745361
37.3900128,-122.1651062,38.626831
37.3898492,-122.1650302,38.695496
37.3896836,-122.1649860,38.624268
37.3895175,-122.1649675,38.587219
37.3893604,-122.1649608,38.569092
37.3892195,-122.1649396,38.430481
37.3890962,-122.1648950,38.358459
37.3889934,-122.1648289,38.153687
37.3889005,-122.1647501,38.074097
37.3888099,-122.1646674,38.228699
37.3887274,-122.1645909,38.287598
37.3885481,-122.1644093,38.445435
37.3884682,-122.1643269,38.531738
37.3883940,-122.1642539,38.373901
37.3883220,-122.1642004,38.381775
37.3882610,-122.1641485,38.855591
37.3882216,-122.1640995,38.953430
37.3881978,-122.1640556,39.138977
37.3881850,-122.1640201,39.285339
37.3881799,-122.1639998,39.363647
37.3881775,-122.1639899,39.470093
37.3881760,-122.1639855,39.438232
37.3881748,-122.1639823,39.500916
37.3881733,-122.1639747,39.365967
37.3881687,-122.1639474,39.562256
37.3881610,-122.1639020,39.671997
37.3881539,-122.1638362,39.649902
37.3881357,-122.1636734,39.382629
37.3881232,-122.1635852,39.570068
37.3881063,-122.1635163,39.818298
37.3880876,-122.1634670,40.050659
37.3880594,-122.1634298,40.182800
37.3880344,-122.1634156,40.677490
37.3880049,-122.1634111,41.242249
37.3879722,-122.1634203,41.580200
37.3879376,-122.1634408,41.864685
37.3878952,-122.1634721,42.173401
37.3878461,-122.1635041,41.882324
37.3877915,-122.1635352,42.014099
37.3877320,-122.1635657,42.134888
37.3876748,-122.1635937,42.042175
37.3876218,-122.1636136,42.188110
37.3875751,-122.1636220,42.255859
37.3875362,-122.1636110,42.408936
37.3875111,-122.1635852,42.575806
37.3874999,-122.1635541,42.759033
37.3874981,-122.1635366,42.667236
37.3874982,-122.1635306,42.769592
37.3874980,-122.1635304,42.781860
37.3874981,-122.1635305,42.777405
37.3874981,-122.1635304,42.779236
37.3874980,-122.1635304,42.778992
37.3874980,-122.1635303,42.785522
37.3874980,-122.1635304,42.782532
37.3874980,-122.1635303,42.785889
37.3874980,-122.1635304,42.779114
37.3874980,-122.1635303,42.783691
37.3874980,-122.1635304,42.782227
37.3874980,-122.1635304,42.781433
37.3874980,-122.1635304,42.779114
37.3874980,-122.1635304,42.783020
37.3874980,-122.1635304,42.783264
37.3874980,-122.1635304,42.781494
37.3874980,-122.1635304,42.789734
37.3874980,-122.1635304,42.784546
37.3874980,-122.1635304,42.783264
37.3874980,-122.1635304,42.780884
37.3874980,-122.1635304,42.779358
37.3874980,-122.1635304,42.780090
37.3874980,-122.1635304,42.781494
37.3874980,-122.1635304,42.781006
37.3874980,-122.1635304,42.782593
37.3874980,-122.1635305,42.782227
37.3874980,-122.1635304,42.781555
37.3874980,-122.1635305,42.783020
37.3874980,-122.1635304,42.782715
37.3874980,-122.1635304,42.782288
37.3874980,-122.1635304,42.781067
37.3874980,-122.1635304,42.780396
37.3874980,-122.1635304,42.775513
37.3874980,-122.1635304,42.778687
37.3874980,-122.1635304,42.780945
37.3874980,-122.1635304,42.780945
37.3874980,-122.1635304,42.780945
37.3874980,-122.1635304,42.782043
37.3874980,-122.1635304,42.780273
37.3874980,-122.1635304,42.780212
37.3874980,-122.1635305,42.778503
37.3874979,-122.1635304,42.784485
37.3874979,-122.1635304,42.783020
37.3874980,-122.1635304,42.783569
37.3874980,-122.1635304,42.782715
37.3874980,-122.1635304,42.782532
37.3874980,-122.1635304,42.780701
37.3874980,-122.1635304,42.780334
37.3874980,-122.1635304,42.778442
37.3874980,-122.1635304,42.778198
37.3874980,-122.1635304,42.775513
37.3874980,-122.1635304,42.778076
37.3874980,-122.1635304,42.782104
37.3874980,-122.1635304,42.780640
37.3874980,-122.1635304,42.778442
37.3874980,-122.1635304,42.781616
37.3874980,-122.1635304,42.782104
37.3874980,-122.1635304,42.782898
37.3874980,-122.1635304,42.780090
37.3874980,-122.1635304,42.781494
37.3874980,-122.1635304,42.781067
37.3874980,-122.1635304,42.782166
37.3874979,-122.1635304,42.782776
37.3874980,-122.1635304,42.782410
37.3874980,-122.1635304,42.782898
37.3874980,-122.1635305,42.779724
37.3874980,-122.1635304,42.780396
37.3874980,-122.1635305,42.777649
37.3874980,-122.1635304,42.779785
37.3874980,-122.1635303,42.781738
37.3874980,-122.1635304,42.781128
37.3874980,-122.1635304,42.781250
37.3874980,-122.1635304,42.779602
37.3874980,-122.1635304,42.780518
37.3874980,-122.1635304,42.780212
37.3874980,-122.1635304,42.780518
37.3874980,-122.1635304,42.779846
37.3874980,-122.1635304,42.778442
37.3874980,-122.1635304,42.780762
37.3874980,-122.1635304,42.780640
37.3874980,-122.1635304,42.781738
37.3874980,-122.1635304,42.776062
37.3874980,-122.1635305,42.777588
37.3874980,-122.1635304,42.780151
37.3874979,-122.1635304,42.787781
37.3874980,-122.1635304,42.784485
37.3874980,-122.1635304,42.780884
37.3874980,-122.1635304,42.780151
37.3874980,-122.1635304,42.778198
37.3874980,-122.1635304,42.779114
37.3874980,-122.1635304,42.776367
37.3874980,-122.1635304,42.779785
37.3874980,-122.1635304,42.781433
37.3874980,-122.1635304,42.782654
37.3874980,-122.1635304,42.778198
37.3874980,-122.1635304,42.779663
37.3874980,-122.1635304,42.778870
37.3874980,-122.1635304,42.780090
37.3874980,-122.1635304,42.780762
37.3874980,-122.1635304,42.778259
37.3874980,-122.1635304,42.779480
37.3874980,-122.1635304,42.781555
37.3874980,-122.1635304,42.781982
37.3874980,-122.1635304,42.781738
37.3874980,-122.1635304,42.778748
37.3874980,-122.1635304,42.783447
37.3874980,-122.1635304,42.781738
37.3874980,-122.1635304,42.780579
37.3874980,-122.1635304,42.781555
37.3874980,-122.1635304,42.783691
37.3874980,-122.1635304,42.780518
37.3874980,-122.1635304,42.781372
37.3874980,-122.1635304,42.782532
37.3874980,-122.1635304,42.781372
37.3874980,-122.1635304,42.783447
37.3874980,-122.1635304,42.780945
37.3874980,-122.1635304,42.779602
37.3874980,-122.1635304,42.781250
37.3874980,-122.1635304,42.781372
37.3874980,-122.1635305,42.778564
37.3874980,-122.1635304,42.780579
37.3874980,-122.1635304,42.780090
37.3874980,-122.1635304,42.779785
37.3874980,-122.1635304,42.781433
37.3874980,-122.1635304,42.779419
37.3874980,-122.1635304,42.778381
37.3874979,-122.1635304,42.780457
37.3874980,-122.1635304,42.781921
37.3874980,-122.1635304,42.778992
37.3874980,-122.1635304,42.782471
37.3874980,-122.1635305,42.783264
37.3874980,-122.1635304,42.781006
37.3874980,-122.1635304,42.782715
37.3874980,-122.1635304,42.782104
37.3874980,-122.1635304,42.779419
37.3874980,-122.1635304,42.783691
37.3874980,-122.1635304,42.783752
37.3874980,-122.1635305,42.776001
37.3874980,-122.1635305,42.780457
